<?xml version='1.0' encoding='UTF-8' standalone='no'?>
<doxygen xmlns:xsi="http://www.w3.org/2001/XMLSchema-instance" xsi:noNamespaceSchemaLocation="compound.xsd" version="1.8.18">
  <compounddef id="_c_make_cache_8txt" kind="file" language="C++">
    <compoundname>CMakeCache.txt</compoundname>
      <sectiondef kind="var">
      <memberdef kind="variable" id="_c_make_cache_8txt_1a0a537eb651646b58e8adf3fcdba62f95" prot="public" static="no" mutable="no">
        <type>CMAKE_BUILD_TYPE</type>
        <definition>CMAKE_BUILD_TYPE __pad0__</definition>
        <argsstring></argsstring>
        <name>__pad0__</name>
        <briefdescription>
        </briefdescription>
        <detaileddescription>
        </detaileddescription>
        <inbodydescription>
        </inbodydescription>
        <location file="D:/CC/UMD/ENPM 809Y/hws/hw3/RWA3-Group5/cmake-build-debug/CMakeCache.txt" line="19" column="1" bodyfile="D:/CC/UMD/ENPM 809Y/hws/hw3/RWA3-Group5/cmake-build-debug/CMakeCache.txt" bodystart="274" bodyend="-1"/>
      </memberdef>
      <memberdef kind="variable" id="_c_make_cache_8txt_1a2916c3c309326ef1883d4e2b3e4b7953" prot="public" static="no" mutable="no">
        <type>C</type>
        <definition>C __pad1__</definition>
        <argsstring></argsstring>
        <name>__pad1__</name>
        <briefdescription>
        </briefdescription>
        <detaileddescription>
        </detaileddescription>
        <inbodydescription>
        </inbodydescription>
        <location file="D:/CC/UMD/ENPM 809Y/hws/hw3/RWA3-Group5/cmake-build-debug/CMakeCache.txt" line="274" column="1" bodyfile="D:/CC/UMD/ENPM 809Y/hws/hw3/RWA3-Group5/cmake-build-debug/CMakeCache.txt" bodystart="274" bodyend="-1"/>
      </memberdef>
      <memberdef kind="variable" id="_c_make_cache_8txt_1a657fc48cab24d0b0c2077ebd5ea1eff9" prot="public" static="no" mutable="no">
        <type>C</type>
        <definition>C __pad2__</definition>
        <argsstring></argsstring>
        <name>__pad2__</name>
        <briefdescription>
        </briefdescription>
        <detaileddescription>
        </detaileddescription>
        <inbodydescription>
        </inbodydescription>
        <location file="D:/CC/UMD/ENPM 809Y/hws/hw3/RWA3-Group5/cmake-build-debug/CMakeCache.txt" line="274" column="2" bodyfile="D:/CC/UMD/ENPM 809Y/hws/hw3/RWA3-Group5/cmake-build-debug/CMakeCache.txt" bodystart="274" bodyend="-1"/>
      </memberdef>
      <memberdef kind="variable" id="_c_make_cache_8txt_1a5f5bd0b0daf67688b40fff2bcc30240c" prot="public" static="no" mutable="no">
        <type>C</type>
        <definition>C __pad3__</definition>
        <argsstring></argsstring>
        <name>__pad3__</name>
        <briefdescription>
        </briefdescription>
        <detaileddescription>
        </detaileddescription>
        <inbodydescription>
        </inbodydescription>
        <location file="D:/CC/UMD/ENPM 809Y/hws/hw3/RWA3-Group5/cmake-build-debug/CMakeCache.txt" line="274" column="3" bodyfile="D:/CC/UMD/ENPM 809Y/hws/hw3/RWA3-Group5/cmake-build-debug/CMakeCache.txt" bodystart="274" bodyend="-1"/>
      </memberdef>
      <memberdef kind="variable" id="_c_make_cache_8txt_1a9d8a584fac7470f2d8efa42c11dfb041" prot="public" static="no" mutable="no">
        <type>C</type>
        <definition>C __pad4__</definition>
        <argsstring></argsstring>
        <name>__pad4__</name>
        <briefdescription>
        </briefdescription>
        <detaileddescription>
        </detaileddescription>
        <inbodydescription>
        </inbodydescription>
        <location file="D:/CC/UMD/ENPM 809Y/hws/hw3/RWA3-Group5/cmake-build-debug/CMakeCache.txt" line="274" column="4" bodyfile="D:/CC/UMD/ENPM 809Y/hws/hw3/RWA3-Group5/cmake-build-debug/CMakeCache.txt" bodystart="274" bodyend="-1"/>
      </memberdef>
      <memberdef kind="variable" id="_c_make_cache_8txt_1abac3c3e932b3af961fc69a9dbf3cabb8" prot="public" static="no" mutable="no">
        <type>C</type>
        <definition>C __pad5__</definition>
        <argsstring></argsstring>
        <name>__pad5__</name>
        <briefdescription>
        </briefdescription>
        <detaileddescription>
        </detaileddescription>
        <inbodydescription>
        </inbodydescription>
        <location file="D:/CC/UMD/ENPM 809Y/hws/hw3/RWA3-Group5/cmake-build-debug/CMakeCache.txt" line="274" column="5" bodyfile="D:/CC/UMD/ENPM 809Y/hws/hw3/RWA3-Group5/cmake-build-debug/CMakeCache.txt" bodystart="274" bodyend="-1"/>
      </memberdef>
      <memberdef kind="variable" id="_c_make_cache_8txt_1a32c3d1af31a22c0cb5f77fbf319a9823" prot="public" static="no" mutable="no">
        <type>C</type>
        <definition>C __pad6__</definition>
        <argsstring></argsstring>
        <name>__pad6__</name>
        <briefdescription>
        </briefdescription>
        <detaileddescription>
        </detaileddescription>
        <inbodydescription>
        </inbodydescription>
        <location file="D:/CC/UMD/ENPM 809Y/hws/hw3/RWA3-Group5/cmake-build-debug/CMakeCache.txt" line="274" column="6" bodyfile="D:/CC/UMD/ENPM 809Y/hws/hw3/RWA3-Group5/cmake-build-debug/CMakeCache.txt" bodystart="276" bodyend="-1"/>
      </memberdef>
      <memberdef kind="variable" id="_c_make_cache_8txt_1a6a80dcb66874683d41146de28d783a18" prot="public" static="no" mutable="no">
        <type>C</type>
        <definition>C __pad7__</definition>
        <argsstring></argsstring>
        <name>__pad7__</name>
        <briefdescription>
        </briefdescription>
        <detaileddescription>
        </detaileddescription>
        <inbodydescription>
        </inbodydescription>
        <location file="D:/CC/UMD/ENPM 809Y/hws/hw3/RWA3-Group5/cmake-build-debug/CMakeCache.txt" line="276" column="1" bodyfile="D:/CC/UMD/ENPM 809Y/hws/hw3/RWA3-Group5/cmake-build-debug/CMakeCache.txt" bodystart="276" bodyend="-1"/>
      </memberdef>
      <memberdef kind="variable" id="_c_make_cache_8txt_1a15140d610f46fbeb8b591989b9991cc3" prot="public" static="no" mutable="no">
        <type>C</type>
        <definition>C __pad8__</definition>
        <argsstring></argsstring>
        <name>__pad8__</name>
        <briefdescription>
        </briefdescription>
        <detaileddescription>
        </detaileddescription>
        <inbodydescription>
        </inbodydescription>
        <location file="D:/CC/UMD/ENPM 809Y/hws/hw3/RWA3-Group5/cmake-build-debug/CMakeCache.txt" line="276" column="2" bodyfile="D:/CC/UMD/ENPM 809Y/hws/hw3/RWA3-Group5/cmake-build-debug/CMakeCache.txt" bodystart="276" bodyend="-1"/>
      </memberdef>
      <memberdef kind="variable" id="_c_make_cache_8txt_1a60eb9d6e173e6a5938decf76e212b2c7" prot="public" static="no" mutable="no">
        <type>C</type>
        <definition>C __pad9__</definition>
        <argsstring></argsstring>
        <name>__pad9__</name>
        <briefdescription>
        </briefdescription>
        <detaileddescription>
        </detaileddescription>
        <inbodydescription>
        </inbodydescription>
        <location file="D:/CC/UMD/ENPM 809Y/hws/hw3/RWA3-Group5/cmake-build-debug/CMakeCache.txt" line="276" column="3" bodyfile="D:/CC/UMD/ENPM 809Y/hws/hw3/RWA3-Group5/cmake-build-debug/CMakeCache.txt" bodystart="276" bodyend="-1"/>
      </memberdef>
      <memberdef kind="variable" id="_c_make_cache_8txt_1a1592e0681c7ca62206f91e8e0d78951b" prot="public" static="no" mutable="no">
        <type>C</type>
        <definition>C __pad10__</definition>
        <argsstring></argsstring>
        <name>__pad10__</name>
        <briefdescription>
        </briefdescription>
        <detaileddescription>
        </detaileddescription>
        <inbodydescription>
        </inbodydescription>
        <location file="D:/CC/UMD/ENPM 809Y/hws/hw3/RWA3-Group5/cmake-build-debug/CMakeCache.txt" line="276" column="4" bodyfile="D:/CC/UMD/ENPM 809Y/hws/hw3/RWA3-Group5/cmake-build-debug/CMakeCache.txt" bodystart="276" bodyend="-1"/>
      </memberdef>
      <memberdef kind="variable" id="_c_make_cache_8txt_1a07393c8e9cb91ee6c51062ed6deaefa0" prot="public" static="no" mutable="no">
        <type>C</type>
        <definition>C __pad11__</definition>
        <argsstring></argsstring>
        <name>__pad11__</name>
        <briefdescription>
        </briefdescription>
        <detaileddescription>
        </detaileddescription>
        <inbodydescription>
        </inbodydescription>
        <location file="D:/CC/UMD/ENPM 809Y/hws/hw3/RWA3-Group5/cmake-build-debug/CMakeCache.txt" line="276" column="5" bodyfile="D:/CC/UMD/ENPM 809Y/hws/hw3/RWA3-Group5/cmake-build-debug/CMakeCache.txt" bodystart="276" bodyend="-1"/>
      </memberdef>
      </sectiondef>
    <briefdescription>
    </briefdescription>
    <detaileddescription>
    </detaileddescription>
    <programlisting>
<codeline lineno="1"><highlight class="preprocessor">#<sp/>This<sp/>is<sp/>the<sp/>CMakeCache<sp/>file.</highlight><highlight class="normal"></highlight></codeline>
<codeline lineno="2"><highlight class="normal"></highlight><highlight class="preprocessor">#<sp/>For<sp/>build<sp/>in<sp/>directory:<sp/>d:/CC/UMD/ENPM<sp/>809Y/hws/hw3/RWA3-Group5/cmake-build-debug</highlight><highlight class="normal"></highlight></codeline>
<codeline lineno="3"><highlight class="normal"></highlight><highlight class="preprocessor">#<sp/>It<sp/>was<sp/>generated<sp/>by<sp/>CMake:<sp/>D:/Program<sp/>Files/JetBrains/CLion<sp/>2020.1/bin/cmake/win/bin/cmake.exe</highlight><highlight class="normal"></highlight></codeline>
<codeline lineno="4"><highlight class="normal"></highlight><highlight class="preprocessor">#<sp/>You<sp/>can<sp/>edit<sp/>this<sp/>file<sp/>to<sp/>change<sp/>values<sp/>found<sp/>and<sp/>used<sp/>by<sp/>cmake.</highlight><highlight class="normal"></highlight></codeline>
<codeline lineno="5"><highlight class="normal"></highlight><highlight class="preprocessor">#<sp/>If<sp/>you<sp/>do<sp/>not<sp/>want<sp/>to<sp/>change<sp/>any<sp/>of<sp/>the<sp/>values,<sp/>simply<sp/>exit<sp/>the<sp/>editor.</highlight><highlight class="normal"></highlight></codeline>
<codeline lineno="6"><highlight class="normal"></highlight><highlight class="preprocessor">#<sp/>If<sp/>you<sp/>do<sp/>want<sp/>to<sp/>change<sp/>a<sp/>value,<sp/>simply<sp/>edit,<sp/>save,<sp/>and<sp/>exit<sp/>the<sp/>editor.</highlight><highlight class="normal"></highlight></codeline>
<codeline lineno="7"><highlight class="normal"></highlight><highlight class="preprocessor">#<sp/>The<sp/>syntax<sp/>for<sp/>the<sp/>file<sp/>is<sp/>as<sp/>follows:</highlight><highlight class="normal"></highlight></codeline>
<codeline lineno="8"><highlight class="normal"></highlight><highlight class="preprocessor">#<sp/>KEY:TYPE=VALUE</highlight><highlight class="normal"></highlight></codeline>
<codeline lineno="9"><highlight class="normal"></highlight><highlight class="preprocessor">#<sp/>KEY<sp/>is<sp/>the<sp/>name<sp/>of<sp/>a<sp/>variable<sp/>in<sp/>the<sp/>cache.</highlight><highlight class="normal"></highlight></codeline>
<codeline lineno="10"><highlight class="normal"></highlight><highlight class="preprocessor">#<sp/>TYPE<sp/>is<sp/>a<sp/>hint<sp/>to<sp/>GUIs<sp/>for<sp/>the<sp/>type<sp/>of<sp/>VALUE,<sp/>DO<sp/>NOT<sp/>EDIT<sp/>TYPE!.</highlight><highlight class="normal"></highlight></codeline>
<codeline lineno="11"><highlight class="normal"></highlight><highlight class="preprocessor">#<sp/>VALUE<sp/>is<sp/>the<sp/>current<sp/>value<sp/>for<sp/>the<sp/>KEY.</highlight><highlight class="normal"></highlight></codeline>
<codeline lineno="12"><highlight class="normal"></highlight></codeline>
<codeline lineno="13"><highlight class="normal"></highlight><highlight class="preprocessor">########################</highlight><highlight class="normal"></highlight></codeline>
<codeline lineno="14"><highlight class="normal"></highlight><highlight class="preprocessor">#<sp/>EXTERNAL<sp/>cache<sp/>entries</highlight><highlight class="normal"></highlight></codeline>
<codeline lineno="15"><highlight class="normal"></highlight><highlight class="preprocessor">########################</highlight><highlight class="normal"></highlight></codeline>
<codeline lineno="16"><highlight class="normal"></highlight></codeline>
<codeline lineno="17"><highlight class="normal"></highlight><highlight class="comment">//Choose<sp/>the<sp/>type<sp/>of<sp/>build,<sp/>options<sp/>are:<sp/>None<sp/>Debug<sp/>Release<sp/>RelWithDebInfo</highlight><highlight class="normal"></highlight></codeline>
<codeline lineno="18"><highlight class="normal"></highlight><highlight class="comment">//<sp/>MinSizeRel<sp/>...</highlight><highlight class="normal"></highlight></codeline>
<codeline lineno="19"><highlight class="normal">CMAKE_BUILD_TYPE:STRING=Debug</highlight></codeline>
<codeline lineno="20"><highlight class="normal"></highlight></codeline>
<codeline lineno="21"><highlight class="normal"></highlight><highlight class="comment">//Id<sp/>string<sp/>of<sp/>the<sp/>compiler<sp/>for<sp/>the<sp/>CodeBlocks<sp/>IDE.<sp/>Automatically</highlight><highlight class="normal"></highlight></codeline>
<codeline lineno="22"><highlight class="normal"></highlight><highlight class="comment">//<sp/>detected<sp/>when<sp/>left<sp/>empty</highlight><highlight class="normal"></highlight></codeline>
<codeline lineno="23"><highlight class="normal">CMAKE_CODEBLOCKS_COMPILER_ID:STRING=</highlight></codeline>
<codeline lineno="24"><highlight class="normal"></highlight></codeline>
<codeline lineno="25"><highlight class="normal"></highlight><highlight class="comment">//The<sp/>CodeBlocks<sp/>executable</highlight><highlight class="normal"></highlight></codeline>
<codeline lineno="26"><highlight class="normal">CMAKE_CODEBLOCKS_EXECUTABLE:FILEPATH=CMAKE_CODEBLOCKS_EXECUTABLE-NOTFOUND</highlight></codeline>
<codeline lineno="27"><highlight class="normal"></highlight></codeline>
<codeline lineno="28"><highlight class="normal"></highlight><highlight class="comment">//Additional<sp/>command<sp/>line<sp/>arguments<sp/>when<sp/>CodeBlocks<sp/>invokes<sp/>make.</highlight><highlight class="normal"></highlight></codeline>
<codeline lineno="29"><highlight class="normal"></highlight><highlight class="comment">//<sp/>Enter<sp/>e.g.<sp/>-j&lt;some_number&gt;<sp/>to<sp/>get<sp/>parallel<sp/>builds</highlight><highlight class="normal"></highlight></codeline>
<codeline lineno="30"><highlight class="normal">CMAKE_CODEBLOCKS_MAKE_ARGUMENTS:STRING=</highlight></codeline>
<codeline lineno="31"><highlight class="normal"></highlight></codeline>
<codeline lineno="32"><highlight class="normal"></highlight><highlight class="comment">//Enable/Disable<sp/>color<sp/>output<sp/>during<sp/>build.</highlight><highlight class="normal"></highlight></codeline>
<codeline lineno="33"><highlight class="normal">CMAKE_COLOR_MAKEFILE:BOOL=ON</highlight></codeline>
<codeline lineno="34"><highlight class="normal"></highlight></codeline>
<codeline lineno="35"><highlight class="normal"></highlight><highlight class="comment">//CXX<sp/>compiler</highlight><highlight class="normal"></highlight></codeline>
<codeline lineno="36"><highlight class="normal">CMAKE_CXX_COMPILER:FILEPATH=C:/Program<sp/>Files<sp/>(x86)/Microsoft<sp/>Visual<sp/>Studio/2019/Community/VC/Tools/MSVC/14.24.28314/bin/Hostx86/x86/cl.exe</highlight></codeline>
<codeline lineno="37"><highlight class="normal"></highlight></codeline>
<codeline lineno="38"><highlight class="normal"></highlight><highlight class="comment">//Flags<sp/>used<sp/>by<sp/>the<sp/>CXX<sp/>compiler<sp/>during<sp/>all<sp/>build<sp/>types.</highlight><highlight class="normal"></highlight></codeline>
<codeline lineno="39"><highlight class="normal">CMAKE_CXX_FLAGS:STRING=/DWIN32<sp/>/D_WINDOWS<sp/>/GR<sp/>/EHsc</highlight></codeline>
<codeline lineno="40"><highlight class="normal"></highlight></codeline>
<codeline lineno="41"><highlight class="normal"></highlight><highlight class="comment">//Flags<sp/>used<sp/>by<sp/>the<sp/>CXX<sp/>compiler<sp/>during<sp/>DEBUG<sp/>builds.</highlight><highlight class="normal"></highlight></codeline>
<codeline lineno="42"><highlight class="normal">CMAKE_CXX_FLAGS_DEBUG:STRING=/Zi<sp/>/Ob0<sp/>/Od<sp/>/RTC1</highlight></codeline>
<codeline lineno="43"><highlight class="normal"></highlight></codeline>
<codeline lineno="44"><highlight class="normal"></highlight><highlight class="comment">//Flags<sp/>used<sp/>by<sp/>the<sp/>CXX<sp/>compiler<sp/>during<sp/>MINSIZEREL<sp/>builds.</highlight><highlight class="normal"></highlight></codeline>
<codeline lineno="45"><highlight class="normal">CMAKE_CXX_FLAGS_MINSIZEREL:STRING=/O1<sp/>/Ob1<sp/>/DNDEBUG</highlight></codeline>
<codeline lineno="46"><highlight class="normal"></highlight></codeline>
<codeline lineno="47"><highlight class="normal"></highlight><highlight class="comment">//Flags<sp/>used<sp/>by<sp/>the<sp/>CXX<sp/>compiler<sp/>during<sp/>RELEASE<sp/>builds.</highlight><highlight class="normal"></highlight></codeline>
<codeline lineno="48"><highlight class="normal">CMAKE_CXX_FLAGS_RELEASE:STRING=/O2<sp/>/Ob2<sp/>/DNDEBUG</highlight></codeline>
<codeline lineno="49"><highlight class="normal"></highlight></codeline>
<codeline lineno="50"><highlight class="normal"></highlight><highlight class="comment">//Flags<sp/>used<sp/>by<sp/>the<sp/>CXX<sp/>compiler<sp/>during<sp/>RELWITHDEBINFO<sp/>builds.</highlight><highlight class="normal"></highlight></codeline>
<codeline lineno="51"><highlight class="normal">CMAKE_CXX_FLAGS_RELWITHDEBINFO:STRING=/Zi<sp/>/O2<sp/>/Ob1<sp/>/DNDEBUG</highlight></codeline>
<codeline lineno="52"><highlight class="normal"></highlight></codeline>
<codeline lineno="53"><highlight class="normal"></highlight><highlight class="comment">//Libraries<sp/>linked<sp/>by<sp/>default<sp/>with<sp/>all<sp/>C++<sp/>applications.</highlight><highlight class="normal"></highlight></codeline>
<codeline lineno="54"><highlight class="normal">CMAKE_CXX_STANDARD_LIBRARIES:STRING=kernel32.lib<sp/>user32.lib<sp/>gdi32.lib<sp/>winspool.lib<sp/>shell32.lib<sp/>ole32.lib<sp/>oleaut32.lib<sp/>uuid.lib<sp/>comdlg32.lib<sp/>advapi32.lib</highlight></codeline>
<codeline lineno="55"><highlight class="normal"></highlight></codeline>
<codeline lineno="56"><highlight class="normal"></highlight><highlight class="comment">//C<sp/>compiler</highlight><highlight class="normal"></highlight></codeline>
<codeline lineno="57"><highlight class="normal">CMAKE_C_COMPILER:FILEPATH=C:/Program<sp/>Files<sp/>(x86)/Microsoft<sp/>Visual<sp/>Studio/2019/Community/VC/Tools/MSVC/14.24.28314/bin/Hostx86/x86/cl.exe</highlight></codeline>
<codeline lineno="58"><highlight class="normal"></highlight></codeline>
<codeline lineno="59"><highlight class="normal"></highlight><highlight class="comment">//Flags<sp/>used<sp/>by<sp/>the<sp/>C<sp/>compiler<sp/>during<sp/>all<sp/>build<sp/>types.</highlight><highlight class="normal"></highlight></codeline>
<codeline lineno="60"><highlight class="normal">CMAKE_C_FLAGS:STRING=/DWIN32<sp/>/D_WINDOWS</highlight></codeline>
<codeline lineno="61"><highlight class="normal"></highlight></codeline>
<codeline lineno="62"><highlight class="normal"></highlight><highlight class="comment">//Flags<sp/>used<sp/>by<sp/>the<sp/>C<sp/>compiler<sp/>during<sp/>DEBUG<sp/>builds.</highlight><highlight class="normal"></highlight></codeline>
<codeline lineno="63"><highlight class="normal">CMAKE_C_FLAGS_DEBUG:STRING=/Zi<sp/>/Ob0<sp/>/Od<sp/>/RTC1</highlight></codeline>
<codeline lineno="64"><highlight class="normal"></highlight></codeline>
<codeline lineno="65"><highlight class="normal"></highlight><highlight class="comment">//Flags<sp/>used<sp/>by<sp/>the<sp/>C<sp/>compiler<sp/>during<sp/>MINSIZEREL<sp/>builds.</highlight><highlight class="normal"></highlight></codeline>
<codeline lineno="66"><highlight class="normal">CMAKE_C_FLAGS_MINSIZEREL:STRING=/O1<sp/>/Ob1<sp/>/DNDEBUG</highlight></codeline>
<codeline lineno="67"><highlight class="normal"></highlight></codeline>
<codeline lineno="68"><highlight class="normal"></highlight><highlight class="comment">//Flags<sp/>used<sp/>by<sp/>the<sp/>C<sp/>compiler<sp/>during<sp/>RELEASE<sp/>builds.</highlight><highlight class="normal"></highlight></codeline>
<codeline lineno="69"><highlight class="normal">CMAKE_C_FLAGS_RELEASE:STRING=/O2<sp/>/Ob2<sp/>/DNDEBUG</highlight></codeline>
<codeline lineno="70"><highlight class="normal"></highlight></codeline>
<codeline lineno="71"><highlight class="normal"></highlight><highlight class="comment">//Flags<sp/>used<sp/>by<sp/>the<sp/>C<sp/>compiler<sp/>during<sp/>RELWITHDEBINFO<sp/>builds.</highlight><highlight class="normal"></highlight></codeline>
<codeline lineno="72"><highlight class="normal">CMAKE_C_FLAGS_RELWITHDEBINFO:STRING=/Zi<sp/>/O2<sp/>/Ob1<sp/>/DNDEBUG</highlight></codeline>
<codeline lineno="73"><highlight class="normal"></highlight></codeline>
<codeline lineno="74"><highlight class="normal"></highlight><highlight class="comment">//Libraries<sp/>linked<sp/>by<sp/>default<sp/>with<sp/>all<sp/>C<sp/>applications.</highlight><highlight class="normal"></highlight></codeline>
<codeline lineno="75"><highlight class="normal">CMAKE_C_STANDARD_LIBRARIES:STRING=kernel32.lib<sp/>user32.lib<sp/>gdi32.lib<sp/>winspool.lib<sp/>shell32.lib<sp/>ole32.lib<sp/>oleaut32.lib<sp/>uuid.lib<sp/>comdlg32.lib<sp/>advapi32.lib</highlight></codeline>
<codeline lineno="76"><highlight class="normal"></highlight></codeline>
<codeline lineno="77"><highlight class="normal"></highlight><highlight class="comment">//Flags<sp/>used<sp/>by<sp/>the<sp/>linker<sp/>during<sp/>all<sp/>build<sp/>types.</highlight><highlight class="normal"></highlight></codeline>
<codeline lineno="78"><highlight class="normal">CMAKE_EXE_LINKER_FLAGS:STRING=/machine:X86</highlight></codeline>
<codeline lineno="79"><highlight class="normal"></highlight></codeline>
<codeline lineno="80"><highlight class="normal"></highlight><highlight class="comment">//Flags<sp/>used<sp/>by<sp/>the<sp/>linker<sp/>during<sp/>DEBUG<sp/>builds.</highlight><highlight class="normal"></highlight></codeline>
<codeline lineno="81"><highlight class="normal">CMAKE_EXE_LINKER_FLAGS_DEBUG:STRING=/debug<sp/>/INCREMENTAL</highlight></codeline>
<codeline lineno="82"><highlight class="normal"></highlight></codeline>
<codeline lineno="83"><highlight class="normal"></highlight><highlight class="comment">//Flags<sp/>used<sp/>by<sp/>the<sp/>linker<sp/>during<sp/>MINSIZEREL<sp/>builds.</highlight><highlight class="normal"></highlight></codeline>
<codeline lineno="84"><highlight class="normal">CMAKE_EXE_LINKER_FLAGS_MINSIZEREL:STRING=/INCREMENTAL:NO</highlight></codeline>
<codeline lineno="85"><highlight class="normal"></highlight></codeline>
<codeline lineno="86"><highlight class="normal"></highlight><highlight class="comment">//Flags<sp/>used<sp/>by<sp/>the<sp/>linker<sp/>during<sp/>RELEASE<sp/>builds.</highlight><highlight class="normal"></highlight></codeline>
<codeline lineno="87"><highlight class="normal">CMAKE_EXE_LINKER_FLAGS_RELEASE:STRING=/INCREMENTAL:NO</highlight></codeline>
<codeline lineno="88"><highlight class="normal"></highlight></codeline>
<codeline lineno="89"><highlight class="normal"></highlight><highlight class="comment">//Flags<sp/>used<sp/>by<sp/>the<sp/>linker<sp/>during<sp/>RELWITHDEBINFO<sp/>builds.</highlight><highlight class="normal"></highlight></codeline>
<codeline lineno="90"><highlight class="normal">CMAKE_EXE_LINKER_FLAGS_RELWITHDEBINFO:STRING=/debug<sp/>/INCREMENTAL</highlight></codeline>
<codeline lineno="91"><highlight class="normal"></highlight></codeline>
<codeline lineno="92"><highlight class="normal"></highlight><highlight class="comment">//Install<sp/>path<sp/>prefix,<sp/>prepended<sp/>onto<sp/>install<sp/>directories.</highlight><highlight class="normal"></highlight></codeline>
<codeline lineno="93"><highlight class="normal">CMAKE_INSTALL_PREFIX:PATH=C:/Program<sp/>Files<sp/>(x86)/RWA3_Group5</highlight></codeline>
<codeline lineno="94"><highlight class="normal"></highlight></codeline>
<codeline lineno="95"><highlight class="normal"></highlight><highlight class="comment">//Path<sp/>to<sp/>a<sp/>program.</highlight><highlight class="normal"></highlight></codeline>
<codeline lineno="96"><highlight class="normal">CMAKE_LINKER:FILEPATH=C:/Program<sp/>Files<sp/>(x86)/Microsoft<sp/>Visual<sp/>Studio/2019/Community/VC/Tools/MSVC/14.24.28314/bin/Hostx86/x86/link.exe</highlight></codeline>
<codeline lineno="97"><highlight class="normal"></highlight></codeline>
<codeline lineno="98"><highlight class="normal"></highlight><highlight class="comment">//Program<sp/>used<sp/>to<sp/>build<sp/>from<sp/>makefiles.</highlight><highlight class="normal"></highlight></codeline>
<codeline lineno="99"><highlight class="normal">CMAKE_MAKE_PROGRAM:STRING=nmake</highlight></codeline>
<codeline lineno="100"><highlight class="normal"></highlight></codeline>
<codeline lineno="101"><highlight class="normal"></highlight><highlight class="comment">//Flags<sp/>used<sp/>by<sp/>the<sp/>linker<sp/>during<sp/>the<sp/>creation<sp/>of<sp/>modules<sp/>during</highlight><highlight class="normal"></highlight></codeline>
<codeline lineno="102"><highlight class="normal"></highlight><highlight class="comment">//<sp/>all<sp/>build<sp/>types.</highlight><highlight class="normal"></highlight></codeline>
<codeline lineno="103"><highlight class="normal">CMAKE_MODULE_LINKER_FLAGS:STRING=/machine:X86</highlight></codeline>
<codeline lineno="104"><highlight class="normal"></highlight></codeline>
<codeline lineno="105"><highlight class="normal"></highlight><highlight class="comment">//Flags<sp/>used<sp/>by<sp/>the<sp/>linker<sp/>during<sp/>the<sp/>creation<sp/>of<sp/>modules<sp/>during</highlight><highlight class="normal"></highlight></codeline>
<codeline lineno="106"><highlight class="normal"></highlight><highlight class="comment">//<sp/>DEBUG<sp/>builds.</highlight><highlight class="normal"></highlight></codeline>
<codeline lineno="107"><highlight class="normal">CMAKE_MODULE_LINKER_FLAGS_DEBUG:STRING=/debug<sp/>/INCREMENTAL</highlight></codeline>
<codeline lineno="108"><highlight class="normal"></highlight></codeline>
<codeline lineno="109"><highlight class="normal"></highlight><highlight class="comment">//Flags<sp/>used<sp/>by<sp/>the<sp/>linker<sp/>during<sp/>the<sp/>creation<sp/>of<sp/>modules<sp/>during</highlight><highlight class="normal"></highlight></codeline>
<codeline lineno="110"><highlight class="normal"></highlight><highlight class="comment">//<sp/>MINSIZEREL<sp/>builds.</highlight><highlight class="normal"></highlight></codeline>
<codeline lineno="111"><highlight class="normal">CMAKE_MODULE_LINKER_FLAGS_MINSIZEREL:STRING=/INCREMENTAL:NO</highlight></codeline>
<codeline lineno="112"><highlight class="normal"></highlight></codeline>
<codeline lineno="113"><highlight class="normal"></highlight><highlight class="comment">//Flags<sp/>used<sp/>by<sp/>the<sp/>linker<sp/>during<sp/>the<sp/>creation<sp/>of<sp/>modules<sp/>during</highlight><highlight class="normal"></highlight></codeline>
<codeline lineno="114"><highlight class="normal"></highlight><highlight class="comment">//<sp/>RELEASE<sp/>builds.</highlight><highlight class="normal"></highlight></codeline>
<codeline lineno="115"><highlight class="normal">CMAKE_MODULE_LINKER_FLAGS_RELEASE:STRING=/INCREMENTAL:NO</highlight></codeline>
<codeline lineno="116"><highlight class="normal"></highlight></codeline>
<codeline lineno="117"><highlight class="normal"></highlight><highlight class="comment">//Flags<sp/>used<sp/>by<sp/>the<sp/>linker<sp/>during<sp/>the<sp/>creation<sp/>of<sp/>modules<sp/>during</highlight><highlight class="normal"></highlight></codeline>
<codeline lineno="118"><highlight class="normal"></highlight><highlight class="comment">//<sp/>RELWITHDEBINFO<sp/>builds.</highlight><highlight class="normal"></highlight></codeline>
<codeline lineno="119"><highlight class="normal">CMAKE_MODULE_LINKER_FLAGS_RELWITHDEBINFO:STRING=/debug<sp/>/INCREMENTAL</highlight></codeline>
<codeline lineno="120"><highlight class="normal"></highlight></codeline>
<codeline lineno="121"><highlight class="normal"></highlight><highlight class="comment">//Path<sp/>to<sp/>a<sp/>program.</highlight><highlight class="normal"></highlight></codeline>
<codeline lineno="122"><highlight class="normal">CMAKE_MT:FILEPATH=C:/Program<sp/>Files<sp/>(x86)/Windows<sp/>Kits/10/bin/10.0.18362.0/x86/mt.exe</highlight></codeline>
<codeline lineno="123"><highlight class="normal"></highlight></codeline>
<codeline lineno="124"><highlight class="normal"></highlight><highlight class="comment">//Value<sp/>Computed<sp/>by<sp/>CMake</highlight><highlight class="normal"></highlight></codeline>
<codeline lineno="125"><highlight class="normal">CMAKE_PROJECT_DESCRIPTION:STATIC=</highlight></codeline>
<codeline lineno="126"><highlight class="normal"></highlight></codeline>
<codeline lineno="127"><highlight class="normal"></highlight><highlight class="comment">//Value<sp/>Computed<sp/>by<sp/>CMake</highlight><highlight class="normal"></highlight></codeline>
<codeline lineno="128"><highlight class="normal">CMAKE_PROJECT_HOMEPAGE_URL:STATIC=</highlight></codeline>
<codeline lineno="129"><highlight class="normal"></highlight></codeline>
<codeline lineno="130"><highlight class="normal"></highlight><highlight class="comment">//Value<sp/>Computed<sp/>by<sp/>CMake</highlight><highlight class="normal"></highlight></codeline>
<codeline lineno="131"><highlight class="normal">CMAKE_PROJECT_NAME:STATIC=RWA3_Group5</highlight></codeline>
<codeline lineno="132"><highlight class="normal"></highlight></codeline>
<codeline lineno="133"><highlight class="normal"></highlight><highlight class="comment">//RC<sp/>compiler</highlight><highlight class="normal"></highlight></codeline>
<codeline lineno="134"><highlight class="normal">CMAKE_RC_COMPILER:FILEPATH=C:/Program<sp/>Files<sp/>(x86)/Windows<sp/>Kits/10/bin/10.0.18362.0/x86/rc.exe</highlight></codeline>
<codeline lineno="135"><highlight class="normal"></highlight></codeline>
<codeline lineno="136"><highlight class="normal"></highlight><highlight class="comment">//Flags<sp/>for<sp/>Windows<sp/>Resource<sp/>Compiler<sp/>during<sp/>all<sp/>build<sp/>types.</highlight><highlight class="normal"></highlight></codeline>
<codeline lineno="137"><highlight class="normal">CMAKE_RC_FLAGS:STRING=-DWIN32</highlight></codeline>
<codeline lineno="138"><highlight class="normal"></highlight></codeline>
<codeline lineno="139"><highlight class="normal"></highlight><highlight class="comment">//Flags<sp/>for<sp/>Windows<sp/>Resource<sp/>Compiler<sp/>during<sp/>DEBUG<sp/>builds.</highlight><highlight class="normal"></highlight></codeline>
<codeline lineno="140"><highlight class="normal">CMAKE_RC_FLAGS_DEBUG:STRING=-D_DEBUG</highlight></codeline>
<codeline lineno="141"><highlight class="normal"></highlight></codeline>
<codeline lineno="142"><highlight class="normal"></highlight><highlight class="comment">//Flags<sp/>for<sp/>Windows<sp/>Resource<sp/>Compiler<sp/>during<sp/>MINSIZEREL<sp/>builds.</highlight><highlight class="normal"></highlight></codeline>
<codeline lineno="143"><highlight class="normal">CMAKE_RC_FLAGS_MINSIZEREL:STRING=</highlight></codeline>
<codeline lineno="144"><highlight class="normal"></highlight></codeline>
<codeline lineno="145"><highlight class="normal"></highlight><highlight class="comment">//Flags<sp/>for<sp/>Windows<sp/>Resource<sp/>Compiler<sp/>during<sp/>RELEASE<sp/>builds.</highlight><highlight class="normal"></highlight></codeline>
<codeline lineno="146"><highlight class="normal">CMAKE_RC_FLAGS_RELEASE:STRING=</highlight></codeline>
<codeline lineno="147"><highlight class="normal"></highlight></codeline>
<codeline lineno="148"><highlight class="normal"></highlight><highlight class="comment">//Flags<sp/>for<sp/>Windows<sp/>Resource<sp/>Compiler<sp/>during<sp/>RELWITHDEBINFO<sp/>builds.</highlight><highlight class="normal"></highlight></codeline>
<codeline lineno="149"><highlight class="normal">CMAKE_RC_FLAGS_RELWITHDEBINFO:STRING=</highlight></codeline>
<codeline lineno="150"><highlight class="normal"></highlight></codeline>
<codeline lineno="151"><highlight class="normal"></highlight><highlight class="comment">//Flags<sp/>used<sp/>by<sp/>the<sp/>linker<sp/>during<sp/>the<sp/>creation<sp/>of<sp/>shared<sp/>libraries</highlight><highlight class="normal"></highlight></codeline>
<codeline lineno="152"><highlight class="normal"></highlight><highlight class="comment">//<sp/>during<sp/>all<sp/>build<sp/>types.</highlight><highlight class="normal"></highlight></codeline>
<codeline lineno="153"><highlight class="normal">CMAKE_SHARED_LINKER_FLAGS:STRING=/machine:X86</highlight></codeline>
<codeline lineno="154"><highlight class="normal"></highlight></codeline>
<codeline lineno="155"><highlight class="normal"></highlight><highlight class="comment">//Flags<sp/>used<sp/>by<sp/>the<sp/>linker<sp/>during<sp/>the<sp/>creation<sp/>of<sp/>shared<sp/>libraries</highlight><highlight class="normal"></highlight></codeline>
<codeline lineno="156"><highlight class="normal"></highlight><highlight class="comment">//<sp/>during<sp/>DEBUG<sp/>builds.</highlight><highlight class="normal"></highlight></codeline>
<codeline lineno="157"><highlight class="normal">CMAKE_SHARED_LINKER_FLAGS_DEBUG:STRING=/debug<sp/>/INCREMENTAL</highlight></codeline>
<codeline lineno="158"><highlight class="normal"></highlight></codeline>
<codeline lineno="159"><highlight class="normal"></highlight><highlight class="comment">//Flags<sp/>used<sp/>by<sp/>the<sp/>linker<sp/>during<sp/>the<sp/>creation<sp/>of<sp/>shared<sp/>libraries</highlight><highlight class="normal"></highlight></codeline>
<codeline lineno="160"><highlight class="normal"></highlight><highlight class="comment">//<sp/>during<sp/>MINSIZEREL<sp/>builds.</highlight><highlight class="normal"></highlight></codeline>
<codeline lineno="161"><highlight class="normal">CMAKE_SHARED_LINKER_FLAGS_MINSIZEREL:STRING=/INCREMENTAL:NO</highlight></codeline>
<codeline lineno="162"><highlight class="normal"></highlight></codeline>
<codeline lineno="163"><highlight class="normal"></highlight><highlight class="comment">//Flags<sp/>used<sp/>by<sp/>the<sp/>linker<sp/>during<sp/>the<sp/>creation<sp/>of<sp/>shared<sp/>libraries</highlight><highlight class="normal"></highlight></codeline>
<codeline lineno="164"><highlight class="normal"></highlight><highlight class="comment">//<sp/>during<sp/>RELEASE<sp/>builds.</highlight><highlight class="normal"></highlight></codeline>
<codeline lineno="165"><highlight class="normal">CMAKE_SHARED_LINKER_FLAGS_RELEASE:STRING=/INCREMENTAL:NO</highlight></codeline>
<codeline lineno="166"><highlight class="normal"></highlight></codeline>
<codeline lineno="167"><highlight class="normal"></highlight><highlight class="comment">//Flags<sp/>used<sp/>by<sp/>the<sp/>linker<sp/>during<sp/>the<sp/>creation<sp/>of<sp/>shared<sp/>libraries</highlight><highlight class="normal"></highlight></codeline>
<codeline lineno="168"><highlight class="normal"></highlight><highlight class="comment">//<sp/>during<sp/>RELWITHDEBINFO<sp/>builds.</highlight><highlight class="normal"></highlight></codeline>
<codeline lineno="169"><highlight class="normal">CMAKE_SHARED_LINKER_FLAGS_RELWITHDEBINFO:STRING=/debug<sp/>/INCREMENTAL</highlight></codeline>
<codeline lineno="170"><highlight class="normal"></highlight></codeline>
<codeline lineno="171"><highlight class="normal"></highlight><highlight class="comment">//If<sp/>set,<sp/>runtime<sp/>paths<sp/>are<sp/>not<sp/>added<sp/>when<sp/>installing<sp/>shared<sp/>libraries,</highlight><highlight class="normal"></highlight></codeline>
<codeline lineno="172"><highlight class="normal"></highlight><highlight class="comment">//<sp/>but<sp/>are<sp/>added<sp/>when<sp/>building.</highlight><highlight class="normal"></highlight></codeline>
<codeline lineno="173"><highlight class="normal">CMAKE_SKIP_INSTALL_RPATH:BOOL=NO</highlight></codeline>
<codeline lineno="174"><highlight class="normal"></highlight></codeline>
<codeline lineno="175"><highlight class="normal"></highlight><highlight class="comment">//If<sp/>set,<sp/>runtime<sp/>paths<sp/>are<sp/>not<sp/>added<sp/>when<sp/>using<sp/>shared<sp/>libraries.</highlight><highlight class="normal"></highlight></codeline>
<codeline lineno="176"><highlight class="normal">CMAKE_SKIP_RPATH:BOOL=NO</highlight></codeline>
<codeline lineno="177"><highlight class="normal"></highlight></codeline>
<codeline lineno="178"><highlight class="normal"></highlight><highlight class="comment">//Flags<sp/>used<sp/>by<sp/>the<sp/>linker<sp/>during<sp/>the<sp/>creation<sp/>of<sp/>static<sp/>libraries</highlight><highlight class="normal"></highlight></codeline>
<codeline lineno="179"><highlight class="normal"></highlight><highlight class="comment">//<sp/>during<sp/>all<sp/>build<sp/>types.</highlight><highlight class="normal"></highlight></codeline>
<codeline lineno="180"><highlight class="normal">CMAKE_STATIC_LINKER_FLAGS:STRING=/machine:X86</highlight></codeline>
<codeline lineno="181"><highlight class="normal"></highlight></codeline>
<codeline lineno="182"><highlight class="normal"></highlight><highlight class="comment">//Flags<sp/>used<sp/>by<sp/>the<sp/>linker<sp/>during<sp/>the<sp/>creation<sp/>of<sp/>static<sp/>libraries</highlight><highlight class="normal"></highlight></codeline>
<codeline lineno="183"><highlight class="normal"></highlight><highlight class="comment">//<sp/>during<sp/>DEBUG<sp/>builds.</highlight><highlight class="normal"></highlight></codeline>
<codeline lineno="184"><highlight class="normal">CMAKE_STATIC_LINKER_FLAGS_DEBUG:STRING=</highlight></codeline>
<codeline lineno="185"><highlight class="normal"></highlight></codeline>
<codeline lineno="186"><highlight class="normal"></highlight><highlight class="comment">//Flags<sp/>used<sp/>by<sp/>the<sp/>linker<sp/>during<sp/>the<sp/>creation<sp/>of<sp/>static<sp/>libraries</highlight><highlight class="normal"></highlight></codeline>
<codeline lineno="187"><highlight class="normal"></highlight><highlight class="comment">//<sp/>during<sp/>MINSIZEREL<sp/>builds.</highlight><highlight class="normal"></highlight></codeline>
<codeline lineno="188"><highlight class="normal">CMAKE_STATIC_LINKER_FLAGS_MINSIZEREL:STRING=</highlight></codeline>
<codeline lineno="189"><highlight class="normal"></highlight></codeline>
<codeline lineno="190"><highlight class="normal"></highlight><highlight class="comment">//Flags<sp/>used<sp/>by<sp/>the<sp/>linker<sp/>during<sp/>the<sp/>creation<sp/>of<sp/>static<sp/>libraries</highlight><highlight class="normal"></highlight></codeline>
<codeline lineno="191"><highlight class="normal"></highlight><highlight class="comment">//<sp/>during<sp/>RELEASE<sp/>builds.</highlight><highlight class="normal"></highlight></codeline>
<codeline lineno="192"><highlight class="normal">CMAKE_STATIC_LINKER_FLAGS_RELEASE:STRING=</highlight></codeline>
<codeline lineno="193"><highlight class="normal"></highlight></codeline>
<codeline lineno="194"><highlight class="normal"></highlight><highlight class="comment">//Flags<sp/>used<sp/>by<sp/>the<sp/>linker<sp/>during<sp/>the<sp/>creation<sp/>of<sp/>static<sp/>libraries</highlight><highlight class="normal"></highlight></codeline>
<codeline lineno="195"><highlight class="normal"></highlight><highlight class="comment">//<sp/>during<sp/>RELWITHDEBINFO<sp/>builds.</highlight><highlight class="normal"></highlight></codeline>
<codeline lineno="196"><highlight class="normal">CMAKE_STATIC_LINKER_FLAGS_RELWITHDEBINFO:STRING=</highlight></codeline>
<codeline lineno="197"><highlight class="normal"></highlight></codeline>
<codeline lineno="198"><highlight class="normal"></highlight><highlight class="comment">//If<sp/>this<sp/>value<sp/>is<sp/>on,<sp/>makefiles<sp/>will<sp/>be<sp/>generated<sp/>without<sp/>the</highlight><highlight class="normal"></highlight></codeline>
<codeline lineno="199"><highlight class="normal"></highlight><highlight class="comment">//<sp/>.SILENT<sp/>directive,<sp/>and<sp/>all<sp/>commands<sp/>will<sp/>be<sp/>echoed<sp/>to<sp/>the<sp/>console</highlight><highlight class="normal"></highlight></codeline>
<codeline lineno="200"><highlight class="normal"></highlight><highlight class="comment">//<sp/>during<sp/>the<sp/>make.<sp/><sp/>This<sp/>is<sp/>useful<sp/>for<sp/>debugging<sp/>only.<sp/>With<sp/>Visual</highlight><highlight class="normal"></highlight></codeline>
<codeline lineno="201"><highlight class="normal"></highlight><highlight class="comment">//<sp/>Studio<sp/>IDE<sp/>projects<sp/>all<sp/>commands<sp/>are<sp/>done<sp/>without<sp/>/nologo.</highlight><highlight class="normal"></highlight></codeline>
<codeline lineno="202"><highlight class="normal">CMAKE_VERBOSE_MAKEFILE:BOOL=FALSE</highlight></codeline>
<codeline lineno="203"><highlight class="normal"></highlight></codeline>
<codeline lineno="204"><highlight class="normal"></highlight><highlight class="comment">//Value<sp/>Computed<sp/>by<sp/>CMake</highlight><highlight class="normal"></highlight></codeline>
<codeline lineno="205"><highlight class="normal">RWA3_Group5_BINARY_DIR:STATIC=D:/CC/UMD/ENPM<sp/>809Y/hws/hw3/RWA3-Group5/cmake-build-debug</highlight></codeline>
<codeline lineno="206"><highlight class="normal"></highlight></codeline>
<codeline lineno="207"><highlight class="normal"></highlight><highlight class="comment">//Value<sp/>Computed<sp/>by<sp/>CMake</highlight><highlight class="normal"></highlight></codeline>
<codeline lineno="208"><highlight class="normal">RWA3_Group5_SOURCE_DIR:STATIC=D:/CC/UMD/ENPM<sp/>809Y/hws/hw3/RWA3-Group5</highlight></codeline>
<codeline lineno="209"><highlight class="normal"></highlight></codeline>
<codeline lineno="210"><highlight class="normal"></highlight></codeline>
<codeline lineno="211"><highlight class="normal"></highlight><highlight class="preprocessor">########################</highlight><highlight class="normal"></highlight></codeline>
<codeline lineno="212"><highlight class="normal"></highlight><highlight class="preprocessor">#<sp/>INTERNAL<sp/>cache<sp/>entries</highlight><highlight class="normal"></highlight></codeline>
<codeline lineno="213"><highlight class="normal"></highlight><highlight class="preprocessor">########################</highlight><highlight class="normal"></highlight></codeline>
<codeline lineno="214"><highlight class="normal"></highlight></codeline>
<codeline lineno="215"><highlight class="normal"></highlight><highlight class="comment">//This<sp/>is<sp/>the<sp/>directory<sp/>where<sp/>this<sp/>CMakeCache.txt<sp/>was<sp/>created</highlight><highlight class="normal"></highlight></codeline>
<codeline lineno="216"><highlight class="normal">CMAKE_CACHEFILE_DIR:INTERNAL=d:/CC/UMD/ENPM<sp/>809Y/hws/hw3/RWA3-Group5/cmake-build-debug</highlight></codeline>
<codeline lineno="217"><highlight class="normal"></highlight><highlight class="comment">//Major<sp/>version<sp/>of<sp/>cmake<sp/>used<sp/>to<sp/>create<sp/>the<sp/>current<sp/>loaded<sp/>cache</highlight><highlight class="normal"></highlight></codeline>
<codeline lineno="218"><highlight class="normal">CMAKE_CACHE_MAJOR_VERSION:INTERNAL=3</highlight></codeline>
<codeline lineno="219"><highlight class="normal"></highlight><highlight class="comment">//Minor<sp/>version<sp/>of<sp/>cmake<sp/>used<sp/>to<sp/>create<sp/>the<sp/>current<sp/>loaded<sp/>cache</highlight><highlight class="normal"></highlight></codeline>
<codeline lineno="220"><highlight class="normal">CMAKE_CACHE_MINOR_VERSION:INTERNAL=16</highlight></codeline>
<codeline lineno="221"><highlight class="normal"></highlight><highlight class="comment">//Patch<sp/>version<sp/>of<sp/>cmake<sp/>used<sp/>to<sp/>create<sp/>the<sp/>current<sp/>loaded<sp/>cache</highlight><highlight class="normal"></highlight></codeline>
<codeline lineno="222"><highlight class="normal">CMAKE_CACHE_PATCH_VERSION:INTERNAL=5</highlight></codeline>
<codeline lineno="223"><highlight class="normal"></highlight><highlight class="comment">//ADVANCED<sp/>property<sp/>for<sp/>variable:<sp/>CMAKE_COLOR_MAKEFILE</highlight><highlight class="normal"></highlight></codeline>
<codeline lineno="224"><highlight class="normal">CMAKE_COLOR_MAKEFILE-ADVANCED:INTERNAL=1</highlight></codeline>
<codeline lineno="225"><highlight class="normal"></highlight><highlight class="comment">//Path<sp/>to<sp/>CMake<sp/>executable.</highlight><highlight class="normal"></highlight></codeline>
<codeline lineno="226"><highlight class="normal">CMAKE_COMMAND:INTERNAL=D:/Program<sp/>Files/JetBrains/CLion<sp/>2020.1/bin/cmake/win/bin/cmake.exe</highlight></codeline>
<codeline lineno="227"><highlight class="normal"></highlight><highlight class="comment">//Path<sp/>to<sp/>cpack<sp/>program<sp/>executable.</highlight><highlight class="normal"></highlight></codeline>
<codeline lineno="228"><highlight class="normal">CMAKE_CPACK_COMMAND:INTERNAL=D:/Program<sp/>Files/JetBrains/CLion<sp/>2020.1/bin/cmake/win/bin/cpack.exe</highlight></codeline>
<codeline lineno="229"><highlight class="normal"></highlight><highlight class="comment">//Path<sp/>to<sp/>ctest<sp/>program<sp/>executable.</highlight><highlight class="normal"></highlight></codeline>
<codeline lineno="230"><highlight class="normal">CMAKE_CTEST_COMMAND:INTERNAL=D:/Program<sp/>Files/JetBrains/CLion<sp/>2020.1/bin/cmake/win/bin/ctest.exe</highlight></codeline>
<codeline lineno="231"><highlight class="normal"></highlight><highlight class="comment">//ADVANCED<sp/>property<sp/>for<sp/>variable:<sp/>CMAKE_CXX_COMPILER</highlight><highlight class="normal"></highlight></codeline>
<codeline lineno="232"><highlight class="normal">CMAKE_CXX_COMPILER-ADVANCED:INTERNAL=1</highlight></codeline>
<codeline lineno="233"><highlight class="normal"></highlight><highlight class="comment">//ADVANCED<sp/>property<sp/>for<sp/>variable:<sp/>CMAKE_CXX_FLAGS</highlight><highlight class="normal"></highlight></codeline>
<codeline lineno="234"><highlight class="normal">CMAKE_CXX_FLAGS-ADVANCED:INTERNAL=1</highlight></codeline>
<codeline lineno="235"><highlight class="normal"></highlight><highlight class="comment">//ADVANCED<sp/>property<sp/>for<sp/>variable:<sp/>CMAKE_CXX_FLAGS_DEBUG</highlight><highlight class="normal"></highlight></codeline>
<codeline lineno="236"><highlight class="normal">CMAKE_CXX_FLAGS_DEBUG-ADVANCED:INTERNAL=1</highlight></codeline>
<codeline lineno="237"><highlight class="normal"></highlight><highlight class="comment">//ADVANCED<sp/>property<sp/>for<sp/>variable:<sp/>CMAKE_CXX_FLAGS_MINSIZEREL</highlight><highlight class="normal"></highlight></codeline>
<codeline lineno="238"><highlight class="normal">CMAKE_CXX_FLAGS_MINSIZEREL-ADVANCED:INTERNAL=1</highlight></codeline>
<codeline lineno="239"><highlight class="normal"></highlight><highlight class="comment">//ADVANCED<sp/>property<sp/>for<sp/>variable:<sp/>CMAKE_CXX_FLAGS_RELEASE</highlight><highlight class="normal"></highlight></codeline>
<codeline lineno="240"><highlight class="normal">CMAKE_CXX_FLAGS_RELEASE-ADVANCED:INTERNAL=1</highlight></codeline>
<codeline lineno="241"><highlight class="normal"></highlight><highlight class="comment">//ADVANCED<sp/>property<sp/>for<sp/>variable:<sp/>CMAKE_CXX_FLAGS_RELWITHDEBINFO</highlight><highlight class="normal"></highlight></codeline>
<codeline lineno="242"><highlight class="normal">CMAKE_CXX_FLAGS_RELWITHDEBINFO-ADVANCED:INTERNAL=1</highlight></codeline>
<codeline lineno="243"><highlight class="normal"></highlight><highlight class="comment">//ADVANCED<sp/>property<sp/>for<sp/>variable:<sp/>CMAKE_CXX_STANDARD_LIBRARIES</highlight><highlight class="normal"></highlight></codeline>
<codeline lineno="244"><highlight class="normal">CMAKE_CXX_STANDARD_LIBRARIES-ADVANCED:INTERNAL=1</highlight></codeline>
<codeline lineno="245"><highlight class="normal"></highlight><highlight class="comment">//ADVANCED<sp/>property<sp/>for<sp/>variable:<sp/>CMAKE_C_COMPILER</highlight><highlight class="normal"></highlight></codeline>
<codeline lineno="246"><highlight class="normal">CMAKE_C_COMPILER-ADVANCED:INTERNAL=1</highlight></codeline>
<codeline lineno="247"><highlight class="normal"></highlight><highlight class="comment">//ADVANCED<sp/>property<sp/>for<sp/>variable:<sp/>CMAKE_C_FLAGS</highlight><highlight class="normal"></highlight></codeline>
<codeline lineno="248"><highlight class="normal">CMAKE_C_FLAGS-ADVANCED:INTERNAL=1</highlight></codeline>
<codeline lineno="249"><highlight class="normal"></highlight><highlight class="comment">//ADVANCED<sp/>property<sp/>for<sp/>variable:<sp/>CMAKE_C_FLAGS_DEBUG</highlight><highlight class="normal"></highlight></codeline>
<codeline lineno="250"><highlight class="normal">CMAKE_C_FLAGS_DEBUG-ADVANCED:INTERNAL=1</highlight></codeline>
<codeline lineno="251"><highlight class="normal"></highlight><highlight class="comment">//ADVANCED<sp/>property<sp/>for<sp/>variable:<sp/>CMAKE_C_FLAGS_MINSIZEREL</highlight><highlight class="normal"></highlight></codeline>
<codeline lineno="252"><highlight class="normal">CMAKE_C_FLAGS_MINSIZEREL-ADVANCED:INTERNAL=1</highlight></codeline>
<codeline lineno="253"><highlight class="normal"></highlight><highlight class="comment">//ADVANCED<sp/>property<sp/>for<sp/>variable:<sp/>CMAKE_C_FLAGS_RELEASE</highlight><highlight class="normal"></highlight></codeline>
<codeline lineno="254"><highlight class="normal">CMAKE_C_FLAGS_RELEASE-ADVANCED:INTERNAL=1</highlight></codeline>
<codeline lineno="255"><highlight class="normal"></highlight><highlight class="comment">//ADVANCED<sp/>property<sp/>for<sp/>variable:<sp/>CMAKE_C_FLAGS_RELWITHDEBINFO</highlight><highlight class="normal"></highlight></codeline>
<codeline lineno="256"><highlight class="normal">CMAKE_C_FLAGS_RELWITHDEBINFO-ADVANCED:INTERNAL=1</highlight></codeline>
<codeline lineno="257"><highlight class="normal"></highlight><highlight class="comment">//ADVANCED<sp/>property<sp/>for<sp/>variable:<sp/>CMAKE_C_STANDARD_LIBRARIES</highlight><highlight class="normal"></highlight></codeline>
<codeline lineno="258"><highlight class="normal">CMAKE_C_STANDARD_LIBRARIES-ADVANCED:INTERNAL=1</highlight></codeline>
<codeline lineno="259"><highlight class="normal"></highlight><highlight class="comment">//Executable<sp/>file<sp/>format</highlight><highlight class="normal"></highlight></codeline>
<codeline lineno="260"><highlight class="normal">CMAKE_EXECUTABLE_FORMAT:INTERNAL=Unknown</highlight></codeline>
<codeline lineno="261"><highlight class="normal"></highlight><highlight class="comment">//ADVANCED<sp/>property<sp/>for<sp/>variable:<sp/>CMAKE_EXE_LINKER_FLAGS</highlight><highlight class="normal"></highlight></codeline>
<codeline lineno="262"><highlight class="normal">CMAKE_EXE_LINKER_FLAGS-ADVANCED:INTERNAL=1</highlight></codeline>
<codeline lineno="263"><highlight class="normal"></highlight><highlight class="comment">//ADVANCED<sp/>property<sp/>for<sp/>variable:<sp/>CMAKE_EXE_LINKER_FLAGS_DEBUG</highlight><highlight class="normal"></highlight></codeline>
<codeline lineno="264"><highlight class="normal">CMAKE_EXE_LINKER_FLAGS_DEBUG-ADVANCED:INTERNAL=1</highlight></codeline>
<codeline lineno="265"><highlight class="normal"></highlight><highlight class="comment">//ADVANCED<sp/>property<sp/>for<sp/>variable:<sp/>CMAKE_EXE_LINKER_FLAGS_MINSIZEREL</highlight><highlight class="normal"></highlight></codeline>
<codeline lineno="266"><highlight class="normal">CMAKE_EXE_LINKER_FLAGS_MINSIZEREL-ADVANCED:INTERNAL=1</highlight></codeline>
<codeline lineno="267"><highlight class="normal"></highlight><highlight class="comment">//ADVANCED<sp/>property<sp/>for<sp/>variable:<sp/>CMAKE_EXE_LINKER_FLAGS_RELEASE</highlight><highlight class="normal"></highlight></codeline>
<codeline lineno="268"><highlight class="normal">CMAKE_EXE_LINKER_FLAGS_RELEASE-ADVANCED:INTERNAL=1</highlight></codeline>
<codeline lineno="269"><highlight class="normal"></highlight><highlight class="comment">//ADVANCED<sp/>property<sp/>for<sp/>variable:<sp/>CMAKE_EXE_LINKER_FLAGS_RELWITHDEBINFO</highlight><highlight class="normal"></highlight></codeline>
<codeline lineno="270"><highlight class="normal">CMAKE_EXE_LINKER_FLAGS_RELWITHDEBINFO-ADVANCED:INTERNAL=1</highlight></codeline>
<codeline lineno="271"><highlight class="normal"></highlight><highlight class="comment">//Name<sp/>of<sp/>external<sp/>makefile<sp/>project<sp/>generator.</highlight><highlight class="normal"></highlight></codeline>
<codeline lineno="272"><highlight class="normal">CMAKE_EXTRA_GENERATOR:INTERNAL=CodeBlocks</highlight></codeline>
<codeline lineno="273"><highlight class="normal"></highlight><highlight class="comment">//CXX<sp/>compiler<sp/>system<sp/>include<sp/>directories</highlight><highlight class="normal"></highlight></codeline>
<codeline lineno="274"><highlight class="normal">CMAKE_EXTRA_GENERATOR_CXX_SYSTEM_INCLUDE_DIRS:INTERNAL=C:\Program<sp/>Files<sp/>(x86)\Microsoft<sp/>Visual<sp/>Studio\2019\Community\VC\Tools\MSVC\14.24.28314\ATLMFC\include;C:\Program<sp/>Files<sp/>(x86)\Microsoft<sp/>Visual<sp/>Studio\2019\Community\VC\Tools\MSVC\14.24.28314\include;C:\Program<sp/>Files<sp/>(x86)\Windows<sp/>Kits\10\include\10.0.18362.0\ucrt;C:\Program<sp/>Files<sp/>(x86)\Windows<sp/>Kits\10\include\10.0.18362.0\shared;C:\Program<sp/>Files<sp/>(x86)\Windows<sp/>Kits\10\include\10.0.18362.0\um;C:\Program<sp/>Files<sp/>(x86)\Windows<sp/>Kits\10\include\10.0.18362.0\winrt;C:\Program<sp/>Files<sp/>(x86)\Windows<sp/>Kits\10\include\10.0.18362.0\cppwinrt</highlight></codeline>
<codeline lineno="275"><highlight class="normal"></highlight><highlight class="comment">//C<sp/>compiler<sp/>system<sp/>include<sp/>directories</highlight><highlight class="normal"></highlight></codeline>
<codeline lineno="276"><highlight class="normal">CMAKE_EXTRA_GENERATOR_C_SYSTEM_INCLUDE_DIRS:INTERNAL=C:\Program<sp/>Files<sp/>(x86)\Microsoft<sp/>Visual<sp/>Studio\2019\Community\VC\Tools\MSVC\14.24.28314\ATLMFC\include;C:\Program<sp/>Files<sp/>(x86)\Microsoft<sp/>Visual<sp/>Studio\2019\Community\VC\Tools\MSVC\14.24.28314\include;C:\Program<sp/>Files<sp/>(x86)\Windows<sp/>Kits\10\include\10.0.18362.0\ucrt;C:\Program<sp/>Files<sp/>(x86)\Windows<sp/>Kits\10\include\10.0.18362.0\shared;C:\Program<sp/>Files<sp/>(x86)\Windows<sp/>Kits\10\include\10.0.18362.0\um;C:\Program<sp/>Files<sp/>(x86)\Windows<sp/>Kits\10\include\10.0.18362.0\winrt;C:\Program<sp/>Files<sp/>(x86)\Windows<sp/>Kits\10\include\10.0.18362.0\cppwinrt</highlight></codeline>
<codeline lineno="277"><highlight class="normal"></highlight><highlight class="comment">//Name<sp/>of<sp/>generator.</highlight><highlight class="normal"></highlight></codeline>
<codeline lineno="278"><highlight class="normal">CMAKE_GENERATOR:INTERNAL=NMake<sp/>Makefiles</highlight></codeline>
<codeline lineno="279"><highlight class="normal"></highlight><highlight class="comment">//Generator<sp/>instance<sp/>identifier.</highlight><highlight class="normal"></highlight></codeline>
<codeline lineno="280"><highlight class="normal">CMAKE_GENERATOR_INSTANCE:INTERNAL=</highlight></codeline>
<codeline lineno="281"><highlight class="normal"></highlight><highlight class="comment">//Name<sp/>of<sp/>generator<sp/>platform.</highlight><highlight class="normal"></highlight></codeline>
<codeline lineno="282"><highlight class="normal">CMAKE_GENERATOR_PLATFORM:INTERNAL=</highlight></codeline>
<codeline lineno="283"><highlight class="normal"></highlight><highlight class="comment">//Name<sp/>of<sp/>generator<sp/>toolset.</highlight><highlight class="normal"></highlight></codeline>
<codeline lineno="284"><highlight class="normal">CMAKE_GENERATOR_TOOLSET:INTERNAL=</highlight></codeline>
<codeline lineno="285"><highlight class="normal"></highlight><highlight class="comment">//Source<sp/>directory<sp/>with<sp/>the<sp/>top<sp/>level<sp/>CMakeLists.txt<sp/>file<sp/>for<sp/>this</highlight><highlight class="normal"></highlight></codeline>
<codeline lineno="286"><highlight class="normal"></highlight><highlight class="comment">//<sp/>project</highlight><highlight class="normal"></highlight></codeline>
<codeline lineno="287"><highlight class="normal">CMAKE_HOME_DIRECTORY:INTERNAL=D:/CC/UMD/ENPM<sp/>809Y/hws/hw3/RWA3-Group5</highlight></codeline>
<codeline lineno="288"><highlight class="normal"></highlight><highlight class="comment">//ADVANCED<sp/>property<sp/>for<sp/>variable:<sp/>CMAKE_LINKER</highlight><highlight class="normal"></highlight></codeline>
<codeline lineno="289"><highlight class="normal">CMAKE_LINKER-ADVANCED:INTERNAL=1</highlight></codeline>
<codeline lineno="290"><highlight class="normal"></highlight><highlight class="comment">//ADVANCED<sp/>property<sp/>for<sp/>variable:<sp/>CMAKE_MAKE_PROGRAM</highlight><highlight class="normal"></highlight></codeline>
<codeline lineno="291"><highlight class="normal">CMAKE_MAKE_PROGRAM-ADVANCED:INTERNAL=1</highlight></codeline>
<codeline lineno="292"><highlight class="normal"></highlight><highlight class="comment">//ADVANCED<sp/>property<sp/>for<sp/>variable:<sp/>CMAKE_MODULE_LINKER_FLAGS</highlight><highlight class="normal"></highlight></codeline>
<codeline lineno="293"><highlight class="normal">CMAKE_MODULE_LINKER_FLAGS-ADVANCED:INTERNAL=1</highlight></codeline>
<codeline lineno="294"><highlight class="normal"></highlight><highlight class="comment">//ADVANCED<sp/>property<sp/>for<sp/>variable:<sp/>CMAKE_MODULE_LINKER_FLAGS_DEBUG</highlight><highlight class="normal"></highlight></codeline>
<codeline lineno="295"><highlight class="normal">CMAKE_MODULE_LINKER_FLAGS_DEBUG-ADVANCED:INTERNAL=1</highlight></codeline>
<codeline lineno="296"><highlight class="normal"></highlight><highlight class="comment">//ADVANCED<sp/>property<sp/>for<sp/>variable:<sp/>CMAKE_MODULE_LINKER_FLAGS_MINSIZEREL</highlight><highlight class="normal"></highlight></codeline>
<codeline lineno="297"><highlight class="normal">CMAKE_MODULE_LINKER_FLAGS_MINSIZEREL-ADVANCED:INTERNAL=1</highlight></codeline>
<codeline lineno="298"><highlight class="normal"></highlight><highlight class="comment">//ADVANCED<sp/>property<sp/>for<sp/>variable:<sp/>CMAKE_MODULE_LINKER_FLAGS_RELEASE</highlight><highlight class="normal"></highlight></codeline>
<codeline lineno="299"><highlight class="normal">CMAKE_MODULE_LINKER_FLAGS_RELEASE-ADVANCED:INTERNAL=1</highlight></codeline>
<codeline lineno="300"><highlight class="normal"></highlight><highlight class="comment">//ADVANCED<sp/>property<sp/>for<sp/>variable:<sp/>CMAKE_MODULE_LINKER_FLAGS_RELWITHDEBINFO</highlight><highlight class="normal"></highlight></codeline>
<codeline lineno="301"><highlight class="normal">CMAKE_MODULE_LINKER_FLAGS_RELWITHDEBINFO-ADVANCED:INTERNAL=1</highlight></codeline>
<codeline lineno="302"><highlight class="normal"></highlight><highlight class="comment">//ADVANCED<sp/>property<sp/>for<sp/>variable:<sp/>CMAKE_MT</highlight><highlight class="normal"></highlight></codeline>
<codeline lineno="303"><highlight class="normal">CMAKE_MT-ADVANCED:INTERNAL=1</highlight></codeline>
<codeline lineno="304"><highlight class="normal"></highlight><highlight class="comment">//number<sp/>of<sp/>local<sp/>generators</highlight><highlight class="normal"></highlight></codeline>
<codeline lineno="305"><highlight class="normal">CMAKE_NUMBER_OF_MAKEFILES:INTERNAL=1</highlight></codeline>
<codeline lineno="306"><highlight class="normal"></highlight><highlight class="comment">//Platform<sp/>information<sp/>initialized</highlight><highlight class="normal"></highlight></codeline>
<codeline lineno="307"><highlight class="normal">CMAKE_PLATFORM_INFO_INITIALIZED:INTERNAL=1</highlight></codeline>
<codeline lineno="308"><highlight class="normal"></highlight><highlight class="comment">//ADVANCED<sp/>property<sp/>for<sp/>variable:<sp/>CMAKE_RC_COMPILER</highlight><highlight class="normal"></highlight></codeline>
<codeline lineno="309"><highlight class="normal">CMAKE_RC_COMPILER-ADVANCED:INTERNAL=1</highlight></codeline>
<codeline lineno="310"><highlight class="normal">CMAKE_RC_COMPILER_WORKS:INTERNAL=1</highlight></codeline>
<codeline lineno="311"><highlight class="normal"></highlight><highlight class="comment">//ADVANCED<sp/>property<sp/>for<sp/>variable:<sp/>CMAKE_RC_FLAGS</highlight><highlight class="normal"></highlight></codeline>
<codeline lineno="312"><highlight class="normal">CMAKE_RC_FLAGS-ADVANCED:INTERNAL=1</highlight></codeline>
<codeline lineno="313"><highlight class="normal"></highlight><highlight class="comment">//ADVANCED<sp/>property<sp/>for<sp/>variable:<sp/>CMAKE_RC_FLAGS_DEBUG</highlight><highlight class="normal"></highlight></codeline>
<codeline lineno="314"><highlight class="normal">CMAKE_RC_FLAGS_DEBUG-ADVANCED:INTERNAL=1</highlight></codeline>
<codeline lineno="315"><highlight class="normal"></highlight><highlight class="comment">//ADVANCED<sp/>property<sp/>for<sp/>variable:<sp/>CMAKE_RC_FLAGS_MINSIZEREL</highlight><highlight class="normal"></highlight></codeline>
<codeline lineno="316"><highlight class="normal">CMAKE_RC_FLAGS_MINSIZEREL-ADVANCED:INTERNAL=1</highlight></codeline>
<codeline lineno="317"><highlight class="normal"></highlight><highlight class="comment">//ADVANCED<sp/>property<sp/>for<sp/>variable:<sp/>CMAKE_RC_FLAGS_RELEASE</highlight><highlight class="normal"></highlight></codeline>
<codeline lineno="318"><highlight class="normal">CMAKE_RC_FLAGS_RELEASE-ADVANCED:INTERNAL=1</highlight></codeline>
<codeline lineno="319"><highlight class="normal"></highlight><highlight class="comment">//ADVANCED<sp/>property<sp/>for<sp/>variable:<sp/>CMAKE_RC_FLAGS_RELWITHDEBINFO</highlight><highlight class="normal"></highlight></codeline>
<codeline lineno="320"><highlight class="normal">CMAKE_RC_FLAGS_RELWITHDEBINFO-ADVANCED:INTERNAL=1</highlight></codeline>
<codeline lineno="321"><highlight class="normal"></highlight><highlight class="comment">//Path<sp/>to<sp/>CMake<sp/>installation.</highlight><highlight class="normal"></highlight></codeline>
<codeline lineno="322"><highlight class="normal">CMAKE_ROOT:INTERNAL=D:/Program<sp/>Files/JetBrains/CLion<sp/>2020.1/bin/cmake/win/share/cmake-3.16</highlight></codeline>
<codeline lineno="323"><highlight class="normal"></highlight><highlight class="comment">//ADVANCED<sp/>property<sp/>for<sp/>variable:<sp/>CMAKE_SHARED_LINKER_FLAGS</highlight><highlight class="normal"></highlight></codeline>
<codeline lineno="324"><highlight class="normal">CMAKE_SHARED_LINKER_FLAGS-ADVANCED:INTERNAL=1</highlight></codeline>
<codeline lineno="325"><highlight class="normal"></highlight><highlight class="comment">//ADVANCED<sp/>property<sp/>for<sp/>variable:<sp/>CMAKE_SHARED_LINKER_FLAGS_DEBUG</highlight><highlight class="normal"></highlight></codeline>
<codeline lineno="326"><highlight class="normal">CMAKE_SHARED_LINKER_FLAGS_DEBUG-ADVANCED:INTERNAL=1</highlight></codeline>
<codeline lineno="327"><highlight class="normal"></highlight><highlight class="comment">//ADVANCED<sp/>property<sp/>for<sp/>variable:<sp/>CMAKE_SHARED_LINKER_FLAGS_MINSIZEREL</highlight><highlight class="normal"></highlight></codeline>
<codeline lineno="328"><highlight class="normal">CMAKE_SHARED_LINKER_FLAGS_MINSIZEREL-ADVANCED:INTERNAL=1</highlight></codeline>
<codeline lineno="329"><highlight class="normal"></highlight><highlight class="comment">//ADVANCED<sp/>property<sp/>for<sp/>variable:<sp/>CMAKE_SHARED_LINKER_FLAGS_RELEASE</highlight><highlight class="normal"></highlight></codeline>
<codeline lineno="330"><highlight class="normal">CMAKE_SHARED_LINKER_FLAGS_RELEASE-ADVANCED:INTERNAL=1</highlight></codeline>
<codeline lineno="331"><highlight class="normal"></highlight><highlight class="comment">//ADVANCED<sp/>property<sp/>for<sp/>variable:<sp/>CMAKE_SHARED_LINKER_FLAGS_RELWITHDEBINFO</highlight><highlight class="normal"></highlight></codeline>
<codeline lineno="332"><highlight class="normal">CMAKE_SHARED_LINKER_FLAGS_RELWITHDEBINFO-ADVANCED:INTERNAL=1</highlight></codeline>
<codeline lineno="333"><highlight class="normal"></highlight><highlight class="comment">//ADVANCED<sp/>property<sp/>for<sp/>variable:<sp/>CMAKE_SKIP_INSTALL_RPATH</highlight><highlight class="normal"></highlight></codeline>
<codeline lineno="334"><highlight class="normal">CMAKE_SKIP_INSTALL_RPATH-ADVANCED:INTERNAL=1</highlight></codeline>
<codeline lineno="335"><highlight class="normal"></highlight><highlight class="comment">//ADVANCED<sp/>property<sp/>for<sp/>variable:<sp/>CMAKE_SKIP_RPATH</highlight><highlight class="normal"></highlight></codeline>
<codeline lineno="336"><highlight class="normal">CMAKE_SKIP_RPATH-ADVANCED:INTERNAL=1</highlight></codeline>
<codeline lineno="337"><highlight class="normal"></highlight><highlight class="comment">//ADVANCED<sp/>property<sp/>for<sp/>variable:<sp/>CMAKE_STATIC_LINKER_FLAGS</highlight><highlight class="normal"></highlight></codeline>
<codeline lineno="338"><highlight class="normal">CMAKE_STATIC_LINKER_FLAGS-ADVANCED:INTERNAL=1</highlight></codeline>
<codeline lineno="339"><highlight class="normal"></highlight><highlight class="comment">//ADVANCED<sp/>property<sp/>for<sp/>variable:<sp/>CMAKE_STATIC_LINKER_FLAGS_DEBUG</highlight><highlight class="normal"></highlight></codeline>
<codeline lineno="340"><highlight class="normal">CMAKE_STATIC_LINKER_FLAGS_DEBUG-ADVANCED:INTERNAL=1</highlight></codeline>
<codeline lineno="341"><highlight class="normal"></highlight><highlight class="comment">//ADVANCED<sp/>property<sp/>for<sp/>variable:<sp/>CMAKE_STATIC_LINKER_FLAGS_MINSIZEREL</highlight><highlight class="normal"></highlight></codeline>
<codeline lineno="342"><highlight class="normal">CMAKE_STATIC_LINKER_FLAGS_MINSIZEREL-ADVANCED:INTERNAL=1</highlight></codeline>
<codeline lineno="343"><highlight class="normal"></highlight><highlight class="comment">//ADVANCED<sp/>property<sp/>for<sp/>variable:<sp/>CMAKE_STATIC_LINKER_FLAGS_RELEASE</highlight><highlight class="normal"></highlight></codeline>
<codeline lineno="344"><highlight class="normal">CMAKE_STATIC_LINKER_FLAGS_RELEASE-ADVANCED:INTERNAL=1</highlight></codeline>
<codeline lineno="345"><highlight class="normal"></highlight><highlight class="comment">//ADVANCED<sp/>property<sp/>for<sp/>variable:<sp/>CMAKE_STATIC_LINKER_FLAGS_RELWITHDEBINFO</highlight><highlight class="normal"></highlight></codeline>
<codeline lineno="346"><highlight class="normal">CMAKE_STATIC_LINKER_FLAGS_RELWITHDEBINFO-ADVANCED:INTERNAL=1</highlight></codeline>
<codeline lineno="347"><highlight class="normal"></highlight><highlight class="comment">//ADVANCED<sp/>property<sp/>for<sp/>variable:<sp/>CMAKE_VERBOSE_MAKEFILE</highlight><highlight class="normal"></highlight></codeline>
<codeline lineno="348"><highlight class="normal">CMAKE_VERBOSE_MAKEFILE-ADVANCED:INTERNAL=1</highlight></codeline>
<codeline lineno="349"><highlight class="normal"></highlight></codeline>
    </programlisting>
    <location file="D:/CC/UMD/ENPM 809Y/hws/hw3/RWA3-Group5/cmake-build-debug/CMakeCache.txt"/>
  </compounddef>
</doxygen>
