<?xml version='1.0' encoding='UTF-8' standalone='no'?>
<doxygen xmlns:xsi="http://www.w3.org/2001/XMLSchema-instance" xsi:noNamespaceSchemaLocation="compound.xsd" version="1.8.18">
  <compounddef id="_c_make_lists_8txt" kind="file" language="C++">
    <compoundname>CMakeLists.txt</compoundname>
    <briefdescription>
    </briefdescription>
    <detaileddescription>
    </detaileddescription>
    <programlisting>
<codeline lineno="1"><highlight class="normal">cmake_minimum_required(VERSION<sp/>3.16)</highlight></codeline>
<codeline lineno="2"><highlight class="normal">project(RWA3_Group5)</highlight></codeline>
<codeline lineno="3"><highlight class="normal"></highlight></codeline>
<codeline lineno="4"><highlight class="normal">set(CMAKE_CXX_STANDARD<sp/>14)</highlight></codeline>
<codeline lineno="5"><highlight class="normal"></highlight></codeline>
<codeline lineno="6"><highlight class="normal">add_executable(RWA3_Group5<sp/><ref refid="_c_make_c_compiler_id_8c_1a0ddf1224851353fc92bfbff6f499fa97" kindref="member">main</ref>.cpp<sp/>LandBasedRobot/LandBasedRobot.cpp<sp/>LandBasedRobot/LandBasedRobot.h<sp/>LandBasedTracked/LandBasedWheeled.cpp<sp/>LandBasedTracked/LandBasedWheeled.h<sp/>LandBasedWheeled/LandBasedTracked.cpp<sp/>LandBasedWheeled/LandBasedTracked.h)</highlight></codeline>
    </programlisting>
    <location file="D:/CC/UMD/ENPM 809Y/hws/hw3/RWA3-Group5/CMakeLists.txt"/>
  </compounddef>
</doxygen>
