<?xml version='1.0' encoding='UTF-8' standalone='no'?>
<doxygen xmlns:xsi="http://www.w3.org/2001/XMLSchema-instance" xsi:noNamespaceSchemaLocation="compound.xsd" version="1.8.18">
  <compounddef id="_land_based_tracked_8h" kind="file" language="C++">
    <compoundname>LandBasedTracked.h</compoundname>
    <includes local="no">memory</includes>
    <includes local="no">iostream</includes>
    <includes refid="_land_based_robot_8h" local="yes">../LandBasedRobot/LandBasedRobot.h</includes>
    <includedby refid="_land_based_tracked_8cpp" local="yes">D:/CC/UMD/ENPM 809Y/hws/hw3/RWA3-Group5/LandBasedWheeled/LandBasedTracked.cpp</includedby>
    <includedby refid="main_8cpp" local="yes">D:/CC/UMD/ENPM 809Y/hws/hw3/RWA3-Group5/main.cpp</includedby>
    <incdepgraph>
      <node id="4">
        <label>../LandBasedRobot/LandBasedRobot.h</label>
        <link refid="_land_based_robot_8h"/>
        <childnode refid="5" relation="include">
        </childnode>
        <childnode refid="3" relation="include">
        </childnode>
      </node>
      <node id="5">
        <label>string</label>
      </node>
      <node id="3">
        <label>iostream</label>
      </node>
      <node id="1">
        <label>D:/CC/UMD/ENPM 809Y/hws/hw3/RWA3-Group5/LandBasedWheeled/LandBasedTracked.h</label>
        <link refid="_land_based_tracked_8h"/>
        <childnode refid="2" relation="include">
        </childnode>
        <childnode refid="3" relation="include">
        </childnode>
        <childnode refid="4" relation="include">
        </childnode>
      </node>
      <node id="2">
        <label>memory</label>
      </node>
    </incdepgraph>
    <invincdepgraph>
      <node id="2">
        <label>D:/CC/UMD/ENPM 809Y/hws/hw3/RWA3-Group5/LandBasedWheeled/LandBasedTracked.cpp</label>
        <link refid="_land_based_tracked_8cpp"/>
      </node>
      <node id="3">
        <label>D:/CC/UMD/ENPM 809Y/hws/hw3/RWA3-Group5/main.cpp</label>
        <link refid="main_8cpp"/>
      </node>
      <node id="1">
        <label>D:/CC/UMD/ENPM 809Y/hws/hw3/RWA3-Group5/LandBasedWheeled/LandBasedTracked.h</label>
        <link refid="_land_based_tracked_8h"/>
        <childnode refid="2" relation="include">
        </childnode>
        <childnode refid="3" relation="include">
        </childnode>
      </node>
    </invincdepgraph>
    <innerclass refid="classrwa3_1_1_land_based_tracked" prot="public">rwa3::LandBasedTracked</innerclass>
    <innernamespace refid="namespacerwa3">rwa3</innernamespace>
    <briefdescription>
    </briefdescription>
    <detaileddescription>
    </detaileddescription>
    <programlisting>
<codeline lineno="1"><highlight class="comment">//</highlight><highlight class="normal"></highlight></codeline>
<codeline lineno="2"><highlight class="normal"></highlight><highlight class="comment">//<sp/>Created<sp/>by<sp/>cheng<sp/>on<sp/>4/24/2020.</highlight><highlight class="normal"></highlight></codeline>
<codeline lineno="3"><highlight class="normal"></highlight><highlight class="comment">//</highlight><highlight class="normal"></highlight></codeline>
<codeline lineno="4"><highlight class="normal"></highlight><highlight class="preprocessor">#pragma<sp/>once</highlight><highlight class="normal"></highlight></codeline>
<codeline lineno="5"><highlight class="normal"></highlight><highlight class="preprocessor">#include<sp/>&lt;memory&gt;</highlight><highlight class="normal"></highlight></codeline>
<codeline lineno="6"><highlight class="normal"></highlight><highlight class="preprocessor">#include<sp/>&lt;iostream&gt;</highlight><highlight class="normal"></highlight></codeline>
<codeline lineno="7"><highlight class="normal"></highlight><highlight class="preprocessor">#include<sp/>&quot;../LandBasedRobot/LandBasedRobot.h&quot;</highlight><highlight class="normal"></highlight></codeline>
<codeline lineno="8"><highlight class="normal"></highlight></codeline>
<codeline lineno="9"><highlight class="normal"></highlight><highlight class="keyword">namespace<sp/></highlight><highlight class="normal"><ref refid="namespacerwa3" kindref="compound">rwa3</ref><sp/>{</highlight></codeline>
<codeline lineno="10" refid="classrwa3_1_1_land_based_tracked" refkind="compound"><highlight class="normal"><sp/><sp/><sp/><sp/></highlight><highlight class="keyword">class<sp/></highlight><highlight class="normal"><ref refid="classrwa3_1_1_land_based_tracked" kindref="compound">LandBasedTracked</ref><sp/>:<sp/></highlight><highlight class="keyword">public</highlight><highlight class="normal"><sp/><ref refid="classrwa3_1_1_land_based_robot" kindref="compound">LandBasedRobot</ref>{</highlight></codeline>
<codeline lineno="11"><highlight class="normal"><sp/><sp/><sp/><sp/></highlight><highlight class="keyword">public</highlight><highlight class="normal">:</highlight></codeline>
<codeline lineno="22" refid="classrwa3_1_1_land_based_tracked_1a38016e5d3e85eb187a1792d98b02fbb6" refkind="member"><highlight class="normal"><sp/><sp/><sp/><sp/><sp/><sp/><sp/><sp/><ref refid="classrwa3_1_1_land_based_tracked_1a38016e5d3e85eb187a1792d98b02fbb6" kindref="member">LandBasedTracked</ref><sp/>(std::string<sp/>name=</highlight><highlight class="stringliteral">&quot;UnknownLandBasedTracked&quot;</highlight><highlight class="normal">,<sp/></highlight><highlight class="keywordtype">int</highlight><highlight class="normal"><sp/>x=0,<sp/></highlight><highlight class="keywordtype">int</highlight><highlight class="normal"><sp/>y=0,<sp/>std::shared_ptr&lt;std::string&gt;<sp/><ref refid="classrwa3_1_1_land_based_tracked_1ae57d4a2861a045e2f0cc0da1e43868ed" kindref="member">track_type</ref>=</highlight><highlight class="keyword">nullptr</highlight><highlight class="normal">,<sp/></highlight><highlight class="keywordtype">double</highlight><highlight class="normal"><sp/>speed=0.0,<sp/></highlight><highlight class="keywordtype">double</highlight><highlight class="normal"><sp/>width=1.0,<sp/></highlight><highlight class="keywordtype">double</highlight><highlight class="normal"><sp/>length=1.0,<sp/></highlight><highlight class="keywordtype">double</highlight><highlight class="normal"><sp/>height=1.0,<sp/></highlight><highlight class="keywordtype">double</highlight><highlight class="normal"><sp/>capacity=1.0)<sp/>:<sp/><ref refid="classrwa3_1_1_land_based_robot" kindref="compound">LandBasedRobot</ref>(name,<sp/>x,<sp/>y,<sp/>speed,<sp/>width,<sp/>length,<sp/>height,<sp/>capacity),<sp/><ref refid="classrwa3_1_1_land_based_tracked_1ae57d4a2861a045e2f0cc0da1e43868ed" kindref="member">track_type</ref>{<ref refid="classrwa3_1_1_land_based_tracked_1ae57d4a2861a045e2f0cc0da1e43868ed" kindref="member">track_type</ref>}<sp/>{};</highlight></codeline>
<codeline lineno="26" refid="classrwa3_1_1_land_based_tracked_1ad6a1076822b4624bbd0643294e36e298" refkind="member"><highlight class="normal"><sp/><sp/><sp/><sp/><sp/><sp/><sp/><sp/><ref refid="classrwa3_1_1_land_based_tracked_1ad6a1076822b4624bbd0643294e36e298" kindref="member">LandBasedTracked</ref>(</highlight><highlight class="keyword">const</highlight><highlight class="normal"><sp/><ref refid="classrwa3_1_1_land_based_tracked" kindref="compound">LandBasedTracked</ref><sp/>&amp;source)<sp/>:<sp/><ref refid="classrwa3_1_1_land_based_tracked" kindref="compound">LandBasedTracked</ref>(source.<ref refid="classrwa3_1_1_land_based_robot_1af41338d7f38b2a75174886990d8ece1e" kindref="member">name_</ref>,<sp/>source.<ref refid="classrwa3_1_1_land_based_robot_1a832cf3ec3e8226a5dca17f2177a5730a" kindref="member">x_</ref>,<sp/>source.<ref refid="classrwa3_1_1_land_based_robot_1a2749e5dd4c77633f72eba70d269fdf59" kindref="member">y_</ref>,<sp/>std::make_shared&lt;std::string&gt;<sp/>(*source.<ref refid="classrwa3_1_1_land_based_tracked_1ae57d4a2861a045e2f0cc0da1e43868ed" kindref="member">track_type</ref>),<sp/>source.<ref refid="classrwa3_1_1_land_based_robot_1ad9831c30393edcd779041734db24d819" kindref="member">speed_</ref>,<sp/>source.<ref refid="classrwa3_1_1_land_based_robot_1a04a444830f3ad0c0d78d206e0d598bbb" kindref="member">width_</ref>,<sp/>source.<ref refid="classrwa3_1_1_land_based_robot_1ac4b3cde4702d4ea866f503eedf6ea1e3" kindref="member">length_</ref>,<sp/>source.<ref refid="classrwa3_1_1_land_based_robot_1a1187f7a4fd44450abf81a1ad76f18f72" kindref="member">height_</ref>,<sp/>source.<ref refid="classrwa3_1_1_land_based_robot_1aa717b15025b339a0f40f689452a97cf8" kindref="member">capacity_</ref>)<sp/>{}</highlight></codeline>
<codeline lineno="27" refid="classrwa3_1_1_land_based_tracked_1a018639eac0eabfcf86fc2b48e0b6df83" refkind="member"><highlight class="normal"><sp/><sp/><sp/><sp/><sp/><sp/><sp/><sp/></highlight><highlight class="keyword">virtual</highlight><highlight class="normal"><sp/><ref refid="classrwa3_1_1_land_based_tracked_1a018639eac0eabfcf86fc2b48e0b6df83" kindref="member">~LandBasedTracked</ref>()<sp/>{</highlight></codeline>
<codeline lineno="28"><highlight class="normal"><sp/><sp/><sp/><sp/><sp/><sp/><sp/><sp/><sp/><sp/><sp/><sp/>std::cout<sp/>&lt;&lt;<sp/></highlight><highlight class="stringliteral">&quot;LandBasedTracked<sp/>is<sp/>released\n&quot;</highlight><highlight class="normal">;</highlight></codeline>
<codeline lineno="29"><highlight class="normal"><sp/><sp/><sp/><sp/><sp/><sp/><sp/><sp/>}</highlight></codeline>
<codeline lineno="30"><highlight class="normal"></highlight></codeline>
<codeline lineno="35"><highlight class="normal"><sp/><sp/><sp/><sp/><sp/><sp/><sp/><sp/></highlight><highlight class="keywordtype">void</highlight><highlight class="normal"><sp/><ref refid="classrwa3_1_1_land_based_tracked_1ad4f114f7bc03517871911f760cf2c146" kindref="member">GoUp</ref>(</highlight><highlight class="keywordtype">int</highlight><highlight class="normal"><sp/><ref refid="classrwa3_1_1_land_based_robot_1a832cf3ec3e8226a5dca17f2177a5730a" kindref="member">x_</ref>,<sp/></highlight><highlight class="keywordtype">int</highlight><highlight class="normal"><sp/><ref refid="classrwa3_1_1_land_based_robot_1a2749e5dd4c77633f72eba70d269fdf59" kindref="member">y_</ref>)<sp/></highlight><highlight class="keyword">override</highlight><highlight class="normal"><sp/>;</highlight></codeline>
<codeline lineno="39"><highlight class="normal"><sp/><sp/><sp/><sp/><sp/><sp/><sp/><sp/></highlight><highlight class="keywordtype">void</highlight><highlight class="normal"><sp/><ref refid="classrwa3_1_1_land_based_tracked_1a32d6139dab0fef719ccc31871586b9af" kindref="member">GoDown</ref>(</highlight><highlight class="keywordtype">int</highlight><highlight class="normal"><sp/><ref refid="classrwa3_1_1_land_based_robot_1a832cf3ec3e8226a5dca17f2177a5730a" kindref="member">x_</ref>,<sp/></highlight><highlight class="keywordtype">int</highlight><highlight class="normal"><sp/><ref refid="classrwa3_1_1_land_based_robot_1a2749e5dd4c77633f72eba70d269fdf59" kindref="member">y_</ref>)<sp/></highlight><highlight class="keyword">override</highlight><highlight class="normal"><sp/>;</highlight></codeline>
<codeline lineno="43"><highlight class="normal"><sp/><sp/><sp/><sp/><sp/><sp/><sp/><sp/></highlight><highlight class="keywordtype">void</highlight><highlight class="normal"><sp/><ref refid="classrwa3_1_1_land_based_tracked_1a8c7a8b433db1cb18c0f720c89dd51d8b" kindref="member">TurnLeft</ref>(</highlight><highlight class="keywordtype">int</highlight><highlight class="normal"><sp/><ref refid="classrwa3_1_1_land_based_robot_1a832cf3ec3e8226a5dca17f2177a5730a" kindref="member">x_</ref>,<sp/></highlight><highlight class="keywordtype">int</highlight><highlight class="normal"><sp/><ref refid="classrwa3_1_1_land_based_robot_1a2749e5dd4c77633f72eba70d269fdf59" kindref="member">y_</ref>)<sp/></highlight><highlight class="keyword">override</highlight><highlight class="normal"><sp/>;</highlight></codeline>
<codeline lineno="47"><highlight class="normal"><sp/><sp/><sp/><sp/><sp/><sp/><sp/><sp/></highlight><highlight class="keywordtype">void</highlight><highlight class="normal"><sp/><ref refid="classrwa3_1_1_land_based_tracked_1a7f7aad91e76d11f634d61ddd34c3cb9d" kindref="member">TurnRight</ref>(</highlight><highlight class="keywordtype">int</highlight><highlight class="normal"><sp/><ref refid="classrwa3_1_1_land_based_robot_1a832cf3ec3e8226a5dca17f2177a5730a" kindref="member">x_</ref>,<sp/></highlight><highlight class="keywordtype">int</highlight><highlight class="normal"><sp/><ref refid="classrwa3_1_1_land_based_robot_1a2749e5dd4c77633f72eba70d269fdf59" kindref="member">y_</ref>)<sp/></highlight><highlight class="keyword">override</highlight><highlight class="normal"><sp/>;</highlight></codeline>
<codeline lineno="50"><highlight class="normal"><sp/><sp/><sp/><sp/><sp/><sp/><sp/><sp/></highlight><highlight class="keywordtype">void</highlight><highlight class="normal"><sp/><ref refid="classrwa3_1_1_land_based_tracked_1a0663df298d4783e1e396367fe98cb2e1" kindref="member">PickUp</ref>(std::string<sp/>target)<sp/></highlight><highlight class="keyword">override</highlight><highlight class="normal"><sp/>;</highlight></codeline>
<codeline lineno="53"><highlight class="normal"><sp/><sp/><sp/><sp/><sp/><sp/><sp/><sp/></highlight><highlight class="keywordtype">void</highlight><highlight class="normal"><sp/><ref refid="classrwa3_1_1_land_based_tracked_1ab2ad2cc189be974f709302eed721694d" kindref="member">Release</ref>(std::string<sp/>target)<sp/></highlight><highlight class="keyword">override</highlight><highlight class="normal"><sp/>;</highlight></codeline>
<codeline lineno="54"><highlight class="normal"></highlight></codeline>
<codeline lineno="55"><highlight class="normal"><sp/><sp/><sp/><sp/></highlight><highlight class="keyword">protected</highlight><highlight class="normal">:</highlight></codeline>
<codeline lineno="56" refid="classrwa3_1_1_land_based_tracked_1ae57d4a2861a045e2f0cc0da1e43868ed" refkind="member"><highlight class="normal"><sp/><sp/><sp/><sp/><sp/><sp/><sp/><sp/>std::shared_ptr&lt;std::string&gt;<sp/><ref refid="classrwa3_1_1_land_based_tracked_1ae57d4a2861a045e2f0cc0da1e43868ed" kindref="member">track_type</ref>;<sp/><sp/><sp/><sp/></highlight></codeline>
<codeline lineno="57"><highlight class="normal"><sp/><sp/><sp/><sp/>};</highlight></codeline>
<codeline lineno="58"><highlight class="normal">}</highlight></codeline>
    </programlisting>
    <location file="D:/CC/UMD/ENPM 809Y/hws/hw3/RWA3-Group5/LandBasedWheeled/LandBasedTracked.h"/>
  </compounddef>
</doxygen>
