<?xml version='1.0' encoding='UTF-8' standalone='no'?>
<doxygen xmlns:xsi="http://www.w3.org/2001/XMLSchema-instance" xsi:noNamespaceSchemaLocation="compound.xsd" version="1.8.18">
  <compounddef id="_land_based_tracked_8cpp" kind="file" language="C++">
    <compoundname>LandBasedTracked.cpp</compoundname>
    <includes refid="_land_based_tracked_8h" local="yes">LandBasedTracked.h</includes>
    <incdepgraph>
      <node id="1">
        <label>D:/CC/UMD/ENPM 809Y/hws/hw3/RWA3-Group5/LandBasedWheeled/LandBasedTracked.cpp</label>
        <link refid="_land_based_tracked_8cpp"/>
        <childnode refid="2" relation="include">
        </childnode>
      </node>
      <node id="5">
        <label>../LandBasedRobot/LandBasedRobot.h</label>
        <link refid="_land_based_robot_8h"/>
        <childnode refid="6" relation="include">
        </childnode>
        <childnode refid="4" relation="include">
        </childnode>
      </node>
      <node id="6">
        <label>string</label>
      </node>
      <node id="4">
        <label>iostream</label>
      </node>
      <node id="2">
        <label>LandBasedTracked.h</label>
        <link refid="_land_based_tracked_8h"/>
        <childnode refid="3" relation="include">
        </childnode>
        <childnode refid="4" relation="include">
        </childnode>
        <childnode refid="5" relation="include">
        </childnode>
      </node>
      <node id="3">
        <label>memory</label>
      </node>
    </incdepgraph>
    <briefdescription>
    </briefdescription>
    <detaileddescription>
    </detaileddescription>
    <programlisting>
<codeline lineno="1"><highlight class="comment">//</highlight><highlight class="normal"></highlight></codeline>
<codeline lineno="2"><highlight class="normal"></highlight><highlight class="comment">//<sp/>Created<sp/>by<sp/>cheng<sp/>on<sp/>4/24/2020.</highlight><highlight class="normal"></highlight></codeline>
<codeline lineno="3"><highlight class="normal"></highlight><highlight class="comment">//</highlight><highlight class="normal"></highlight></codeline>
<codeline lineno="4"><highlight class="normal"></highlight><highlight class="preprocessor">#include<sp/>&quot;<ref refid="_land_based_tracked_8h" kindref="compound">LandBasedTracked.h</ref>&quot;</highlight><highlight class="normal"></highlight></codeline>
<codeline lineno="5"><highlight class="normal"></highlight></codeline>
<codeline lineno="6" refid="classrwa3_1_1_land_based_tracked_1ad4f114f7bc03517871911f760cf2c146" refkind="member"><highlight class="normal"></highlight><highlight class="keywordtype">void</highlight><highlight class="normal"><sp/><ref refid="classrwa3_1_1_land_based_tracked_1ad4f114f7bc03517871911f760cf2c146" kindref="member">rwa3::LandBasedTracked::GoUp</ref>(</highlight><highlight class="keywordtype">int</highlight><highlight class="normal"><sp/>x_,<sp/></highlight><highlight class="keywordtype">int</highlight><highlight class="normal"><sp/>y_)<sp/>{</highlight></codeline>
<codeline lineno="7"><highlight class="normal"><sp/><sp/><sp/><sp/>std::cout<sp/>&lt;&lt;<sp/></highlight><highlight class="stringliteral">&quot;LandBasedTracked::GoUp<sp/>is<sp/>called\n&quot;</highlight><highlight class="normal">;</highlight></codeline>
<codeline lineno="8"><highlight class="normal">}</highlight></codeline>
<codeline lineno="9"><highlight class="normal"></highlight></codeline>
<codeline lineno="10" refid="classrwa3_1_1_land_based_tracked_1a32d6139dab0fef719ccc31871586b9af" refkind="member"><highlight class="normal"></highlight><highlight class="keywordtype">void</highlight><highlight class="normal"><sp/><ref refid="classrwa3_1_1_land_based_tracked_1a32d6139dab0fef719ccc31871586b9af" kindref="member">rwa3::LandBasedTracked::GoDown</ref>(</highlight><highlight class="keywordtype">int</highlight><highlight class="normal"><sp/>x_,<sp/></highlight><highlight class="keywordtype">int</highlight><highlight class="normal"><sp/>y_)<sp/>{</highlight></codeline>
<codeline lineno="11"><highlight class="normal"><sp/><sp/><sp/><sp/>std::cout<sp/>&lt;&lt;<sp/></highlight><highlight class="stringliteral">&quot;LandBasedTracked::GoDown<sp/>is<sp/>called\n&quot;</highlight><highlight class="normal">;</highlight></codeline>
<codeline lineno="12"><highlight class="normal">}</highlight></codeline>
<codeline lineno="13"><highlight class="normal"></highlight></codeline>
<codeline lineno="14" refid="classrwa3_1_1_land_based_tracked_1a8c7a8b433db1cb18c0f720c89dd51d8b" refkind="member"><highlight class="normal"></highlight><highlight class="keywordtype">void</highlight><highlight class="normal"><sp/><ref refid="classrwa3_1_1_land_based_tracked_1a8c7a8b433db1cb18c0f720c89dd51d8b" kindref="member">rwa3::LandBasedTracked::TurnLeft</ref>(</highlight><highlight class="keywordtype">int</highlight><highlight class="normal"><sp/>x_,<sp/></highlight><highlight class="keywordtype">int</highlight><highlight class="normal"><sp/>y_)<sp/>{</highlight></codeline>
<codeline lineno="15"><highlight class="normal"><sp/><sp/><sp/><sp/>std::cout<sp/>&lt;&lt;<sp/></highlight><highlight class="stringliteral">&quot;LandBasedTracked::TurnLeft<sp/>is<sp/>called\n&quot;</highlight><highlight class="normal">;</highlight></codeline>
<codeline lineno="16"><highlight class="normal">}</highlight></codeline>
<codeline lineno="17"><highlight class="normal"></highlight></codeline>
<codeline lineno="18" refid="classrwa3_1_1_land_based_tracked_1a7f7aad91e76d11f634d61ddd34c3cb9d" refkind="member"><highlight class="normal"></highlight><highlight class="keywordtype">void</highlight><highlight class="normal"><sp/><ref refid="classrwa3_1_1_land_based_tracked_1a7f7aad91e76d11f634d61ddd34c3cb9d" kindref="member">rwa3::LandBasedTracked::TurnRight</ref>(</highlight><highlight class="keywordtype">int</highlight><highlight class="normal"><sp/>x_,<sp/></highlight><highlight class="keywordtype">int</highlight><highlight class="normal"><sp/>y_)<sp/>{</highlight></codeline>
<codeline lineno="19"><highlight class="normal"><sp/><sp/><sp/><sp/>std::cout<sp/>&lt;&lt;<sp/></highlight><highlight class="stringliteral">&quot;LandBasedTracked::TurnRight<sp/>is<sp/>called\n&quot;</highlight><highlight class="normal">;</highlight></codeline>
<codeline lineno="20"><highlight class="normal">}</highlight></codeline>
<codeline lineno="21"><highlight class="normal"></highlight></codeline>
<codeline lineno="22" refid="classrwa3_1_1_land_based_tracked_1a0663df298d4783e1e396367fe98cb2e1" refkind="member"><highlight class="normal"></highlight><highlight class="keywordtype">void</highlight><highlight class="normal"><sp/><ref refid="classrwa3_1_1_land_based_tracked_1a0663df298d4783e1e396367fe98cb2e1" kindref="member">rwa3::LandBasedTracked::PickUp</ref>(std::string<sp/>target)<sp/>{</highlight></codeline>
<codeline lineno="23"><highlight class="normal"><sp/><sp/><sp/><sp/>std::cout<sp/>&lt;&lt;<sp/></highlight><highlight class="stringliteral">&quot;LandBasedTracked::PickUp<sp/>is<sp/>called\n&quot;</highlight><highlight class="normal">;</highlight></codeline>
<codeline lineno="24"><highlight class="normal">}</highlight></codeline>
<codeline lineno="25"><highlight class="normal"></highlight></codeline>
<codeline lineno="26" refid="classrwa3_1_1_land_based_tracked_1ab2ad2cc189be974f709302eed721694d" refkind="member"><highlight class="normal"></highlight><highlight class="keywordtype">void</highlight><highlight class="normal"><sp/><ref refid="classrwa3_1_1_land_based_tracked_1ab2ad2cc189be974f709302eed721694d" kindref="member">rwa3::LandBasedTracked::Release</ref>(std::string<sp/>target)<sp/>{</highlight></codeline>
<codeline lineno="27"><highlight class="normal"><sp/><sp/><sp/><sp/>std::cout<sp/>&lt;&lt;<sp/></highlight><highlight class="stringliteral">&quot;LandBasedTracked::Release<sp/>is<sp/>called\n&quot;</highlight><highlight class="normal">;</highlight></codeline>
<codeline lineno="28"><highlight class="normal">}</highlight></codeline>
    </programlisting>
    <location file="D:/CC/UMD/ENPM 809Y/hws/hw3/RWA3-Group5/LandBasedWheeled/LandBasedTracked.cpp"/>
  </compounddef>
</doxygen>
