<?xml version='1.0' encoding='UTF-8' standalone='no'?>
<doxygen xmlns:xsi="http://www.w3.org/2001/XMLSchema-instance" xsi:noNamespaceSchemaLocation="compound.xsd" version="1.8.18">
  <compounddef id="_land_based_wheeled_8h" kind="file" language="C++">
    <compoundname>LandBasedWheeled.h</compoundname>
    <includes local="no">memory</includes>
    <includes local="no">iostream</includes>
    <includes refid="_land_based_robot_8h" local="yes">../LandBasedRobot/LandBasedRobot.h</includes>
    <includedby refid="_land_based_wheeled_8cpp" local="yes">D:/CC/UMD/ENPM 809Y/hws/hw3/RWA3-Group5/LandBasedTracked/LandBasedWheeled.cpp</includedby>
    <includedby refid="main_8cpp" local="yes">D:/CC/UMD/ENPM 809Y/hws/hw3/RWA3-Group5/main.cpp</includedby>
    <incdepgraph>
      <node id="1">
        <label>D:/CC/UMD/ENPM 809Y/hws/hw3/RWA3-Group5/LandBasedTracked/LandBasedWheeled.h</label>
        <link refid="_land_based_wheeled_8h"/>
        <childnode refid="2" relation="include">
        </childnode>
        <childnode refid="3" relation="include">
        </childnode>
        <childnode refid="4" relation="include">
        </childnode>
      </node>
      <node id="4">
        <label>../LandBasedRobot/LandBasedRobot.h</label>
        <link refid="_land_based_robot_8h"/>
        <childnode refid="5" relation="include">
        </childnode>
        <childnode refid="3" relation="include">
        </childnode>
      </node>
      <node id="5">
        <label>string</label>
      </node>
      <node id="3">
        <label>iostream</label>
      </node>
      <node id="2">
        <label>memory</label>
      </node>
    </incdepgraph>
    <invincdepgraph>
      <node id="1">
        <label>D:/CC/UMD/ENPM 809Y/hws/hw3/RWA3-Group5/LandBasedTracked/LandBasedWheeled.h</label>
        <link refid="_land_based_wheeled_8h"/>
        <childnode refid="2" relation="include">
        </childnode>
        <childnode refid="3" relation="include">
        </childnode>
      </node>
      <node id="2">
        <label>D:/CC/UMD/ENPM 809Y/hws/hw3/RWA3-Group5/LandBasedTracked/LandBasedWheeled.cpp</label>
        <link refid="_land_based_wheeled_8cpp"/>
      </node>
      <node id="3">
        <label>D:/CC/UMD/ENPM 809Y/hws/hw3/RWA3-Group5/main.cpp</label>
        <link refid="main_8cpp"/>
      </node>
    </invincdepgraph>
    <innerclass refid="classrwa3_1_1_land_based_wheeled" prot="public">rwa3::LandBasedWheeled</innerclass>
    <innernamespace refid="namespacerwa3">rwa3</innernamespace>
    <briefdescription>
    </briefdescription>
    <detaileddescription>
    </detaileddescription>
    <programlisting>
<codeline lineno="1"><highlight class="comment">//</highlight><highlight class="normal"></highlight></codeline>
<codeline lineno="2"><highlight class="normal"></highlight><highlight class="comment">//<sp/>Created<sp/>by<sp/>cheng<sp/>on<sp/>4/24/2020.</highlight><highlight class="normal"></highlight></codeline>
<codeline lineno="3"><highlight class="normal"></highlight><highlight class="comment">//</highlight><highlight class="normal"></highlight></codeline>
<codeline lineno="4"><highlight class="normal"></highlight><highlight class="preprocessor">#pragma<sp/>once</highlight><highlight class="normal"></highlight></codeline>
<codeline lineno="5"><highlight class="normal"></highlight></codeline>
<codeline lineno="6"><highlight class="normal"></highlight><highlight class="preprocessor">#include<sp/>&lt;memory&gt;</highlight><highlight class="normal"></highlight></codeline>
<codeline lineno="7"><highlight class="normal"></highlight><highlight class="preprocessor">#include<sp/>&lt;iostream&gt;</highlight><highlight class="normal"></highlight></codeline>
<codeline lineno="8"><highlight class="normal"></highlight><highlight class="preprocessor">#include<sp/>&quot;../LandBasedRobot/LandBasedRobot.h&quot;</highlight><highlight class="normal"></highlight></codeline>
<codeline lineno="9"><highlight class="normal"></highlight></codeline>
<codeline lineno="10"><highlight class="normal"></highlight><highlight class="keyword">namespace<sp/></highlight><highlight class="normal"><ref refid="namespacerwa3" kindref="compound">rwa3</ref><sp/>{</highlight></codeline>
<codeline lineno="11" refid="classrwa3_1_1_land_based_wheeled" refkind="compound"><highlight class="normal"><sp/><sp/><sp/><sp/></highlight><highlight class="keyword">class<sp/></highlight><highlight class="normal"><ref refid="classrwa3_1_1_land_based_wheeled" kindref="compound">LandBasedWheeled</ref>:<sp/></highlight><highlight class="keyword">public</highlight><highlight class="normal"><sp/><ref refid="classrwa3_1_1_land_based_robot" kindref="compound">LandBasedRobot</ref>{</highlight></codeline>
<codeline lineno="12"><highlight class="normal"><sp/><sp/><sp/><sp/></highlight><highlight class="keyword">public</highlight><highlight class="normal">:</highlight></codeline>
<codeline lineno="24" refid="classrwa3_1_1_land_based_wheeled_1a9feaa255790f15b6f0d98e468250a33c" refkind="member"><highlight class="normal"><sp/><sp/><sp/><sp/><sp/><sp/><sp/><sp/><ref refid="classrwa3_1_1_land_based_wheeled_1a9feaa255790f15b6f0d98e468250a33c" kindref="member">LandBasedWheeled</ref>(</highlight><highlight class="keyword">const</highlight><highlight class="normal"><sp/>std::string<sp/>name=</highlight><highlight class="stringliteral">&quot;UnknownLandBasedWheeled&quot;</highlight><highlight class="normal">,<sp/></highlight><highlight class="keywordtype">int</highlight><highlight class="normal"><sp/>x=0,<sp/></highlight><highlight class="keywordtype">int</highlight><highlight class="normal"><sp/>y=0,<sp/></highlight><highlight class="keywordtype">int</highlight><highlight class="normal"><sp/><ref refid="classrwa3_1_1_land_based_wheeled_1a725e617de7cb6909a403e95a5918f2bb" kindref="member">wheel_number</ref>=4,<sp/>std::shared_ptr&lt;std::string&gt;<sp/><ref refid="classrwa3_1_1_land_based_wheeled_1a1593d4e30cea415b600b849c1af7f092" kindref="member">wheel_type</ref>=</highlight><highlight class="keyword">nullptr</highlight><highlight class="normal">,<sp/></highlight><highlight class="keywordtype">double</highlight><highlight class="normal"><sp/>speed=0.0,<sp/></highlight><highlight class="keywordtype">double</highlight><highlight class="normal"><sp/>width=1.0,<sp/></highlight><highlight class="keywordtype">double</highlight><highlight class="normal"><sp/>length=1.0,<sp/></highlight><highlight class="keywordtype">double</highlight><highlight class="normal"><sp/>height=1.0,<sp/></highlight><highlight class="keywordtype">double</highlight><highlight class="normal"><sp/>capacity=1.0)<sp/>:<sp/><ref refid="classrwa3_1_1_land_based_robot" kindref="compound">LandBasedRobot</ref>(name,<sp/>x,<sp/>y,<sp/>speed,<sp/>width,<sp/>length,<sp/>height,<sp/>capacity),<sp/><ref refid="classrwa3_1_1_land_based_wheeled_1a725e617de7cb6909a403e95a5918f2bb" kindref="member">wheel_number</ref>{<ref refid="classrwa3_1_1_land_based_wheeled_1a725e617de7cb6909a403e95a5918f2bb" kindref="member">wheel_number</ref>},<sp/><ref refid="classrwa3_1_1_land_based_wheeled_1a1593d4e30cea415b600b849c1af7f092" kindref="member">wheel_type</ref>{<ref refid="classrwa3_1_1_land_based_wheeled_1a1593d4e30cea415b600b849c1af7f092" kindref="member">wheel_type</ref>}<sp/>{};</highlight></codeline>
<codeline lineno="28" refid="classrwa3_1_1_land_based_wheeled_1a0522cb315fc4f6b658c17b29b069b837" refkind="member"><highlight class="normal"><sp/><sp/><sp/><sp/><sp/><sp/><sp/><sp/><ref refid="classrwa3_1_1_land_based_wheeled_1a0522cb315fc4f6b658c17b29b069b837" kindref="member">LandBasedWheeled</ref>(</highlight><highlight class="keyword">const</highlight><highlight class="normal"><sp/><ref refid="classrwa3_1_1_land_based_wheeled" kindref="compound">LandBasedWheeled</ref><sp/>&amp;source)<sp/>:<sp/><ref refid="classrwa3_1_1_land_based_wheeled" kindref="compound">LandBasedWheeled</ref>(source.<ref refid="classrwa3_1_1_land_based_robot_1af41338d7f38b2a75174886990d8ece1e" kindref="member">name_</ref>,<sp/>source.<ref refid="classrwa3_1_1_land_based_robot_1a832cf3ec3e8226a5dca17f2177a5730a" kindref="member">x_</ref>,<sp/>source.<ref refid="classrwa3_1_1_land_based_robot_1a2749e5dd4c77633f72eba70d269fdf59" kindref="member">y_</ref>,<sp/>source.<ref refid="classrwa3_1_1_land_based_wheeled_1a725e617de7cb6909a403e95a5918f2bb" kindref="member">wheel_number</ref>,<sp/>std::make_shared&lt;std::string&gt;<sp/>(*source.<ref refid="classrwa3_1_1_land_based_wheeled_1a1593d4e30cea415b600b849c1af7f092" kindref="member">wheel_type</ref>),<sp/>source.<ref refid="classrwa3_1_1_land_based_robot_1ad9831c30393edcd779041734db24d819" kindref="member">speed_</ref>,<sp/>source.<ref refid="classrwa3_1_1_land_based_robot_1a04a444830f3ad0c0d78d206e0d598bbb" kindref="member">width_</ref>,<sp/>source.<ref refid="classrwa3_1_1_land_based_robot_1ac4b3cde4702d4ea866f503eedf6ea1e3" kindref="member">length_</ref>,<sp/>source.<ref refid="classrwa3_1_1_land_based_robot_1a1187f7a4fd44450abf81a1ad76f18f72" kindref="member">height_</ref>,<sp/>source.<ref refid="classrwa3_1_1_land_based_robot_1aa717b15025b339a0f40f689452a97cf8" kindref="member">capacity_</ref>)<sp/>{}</highlight></codeline>
<codeline lineno="29" refid="classrwa3_1_1_land_based_wheeled_1a0c46a810956dbe99d0a94db8d238d4d7" refkind="member"><highlight class="normal"><sp/><sp/><sp/><sp/><sp/><sp/><sp/><sp/></highlight><highlight class="keyword">virtual</highlight><highlight class="normal"><sp/><ref refid="classrwa3_1_1_land_based_wheeled_1a0c46a810956dbe99d0a94db8d238d4d7" kindref="member">~LandBasedWheeled</ref>(){</highlight></codeline>
<codeline lineno="30"><highlight class="normal"><sp/><sp/><sp/><sp/><sp/><sp/><sp/><sp/><sp/><sp/><sp/><sp/>std::cout<sp/>&lt;&lt;<sp/></highlight><highlight class="stringliteral">&quot;LandBasedWheeled<sp/>is<sp/>released\n&quot;</highlight><highlight class="normal">;</highlight></codeline>
<codeline lineno="31"><highlight class="normal"><sp/><sp/><sp/><sp/><sp/><sp/><sp/><sp/>};</highlight></codeline>
<codeline lineno="32"><highlight class="normal"></highlight></codeline>
<codeline lineno="37"><highlight class="normal"><sp/><sp/><sp/><sp/><sp/><sp/><sp/><sp/></highlight><highlight class="keywordtype">void</highlight><highlight class="normal"><sp/><ref refid="classrwa3_1_1_land_based_wheeled_1a8fe7d7b2c49968a7b67349162a0c0dd7" kindref="member">GoUp</ref>(</highlight><highlight class="keywordtype">int</highlight><highlight class="normal"><sp/><ref refid="classrwa3_1_1_land_based_robot_1a832cf3ec3e8226a5dca17f2177a5730a" kindref="member">x_</ref>,<sp/></highlight><highlight class="keywordtype">int</highlight><highlight class="normal"><sp/><ref refid="classrwa3_1_1_land_based_robot_1a2749e5dd4c77633f72eba70d269fdf59" kindref="member">y_</ref>)<sp/></highlight><highlight class="keyword">override</highlight><highlight class="normal"><sp/>;</highlight></codeline>
<codeline lineno="41"><highlight class="normal"><sp/><sp/><sp/><sp/><sp/><sp/><sp/><sp/></highlight><highlight class="keywordtype">void</highlight><highlight class="normal"><sp/><ref refid="classrwa3_1_1_land_based_wheeled_1ae1c0643dcbadbb1e1168085b905950c3" kindref="member">GoDown</ref>(</highlight><highlight class="keywordtype">int</highlight><highlight class="normal"><sp/><ref refid="classrwa3_1_1_land_based_robot_1a832cf3ec3e8226a5dca17f2177a5730a" kindref="member">x_</ref>,<sp/></highlight><highlight class="keywordtype">int</highlight><highlight class="normal"><sp/><ref refid="classrwa3_1_1_land_based_robot_1a2749e5dd4c77633f72eba70d269fdf59" kindref="member">y_</ref>)<sp/></highlight><highlight class="keyword">override</highlight><highlight class="normal"><sp/>;</highlight></codeline>
<codeline lineno="45"><highlight class="normal"><sp/><sp/><sp/><sp/><sp/><sp/><sp/><sp/></highlight><highlight class="keywordtype">void</highlight><highlight class="normal"><sp/><ref refid="classrwa3_1_1_land_based_wheeled_1a2fc50dcf0970b7e48dc234205ceb149e" kindref="member">TurnLeft</ref>(</highlight><highlight class="keywordtype">int</highlight><highlight class="normal"><sp/><ref refid="classrwa3_1_1_land_based_robot_1a832cf3ec3e8226a5dca17f2177a5730a" kindref="member">x_</ref>,<sp/></highlight><highlight class="keywordtype">int</highlight><highlight class="normal"><sp/><ref refid="classrwa3_1_1_land_based_robot_1a2749e5dd4c77633f72eba70d269fdf59" kindref="member">y_</ref>)<sp/></highlight><highlight class="keyword">override</highlight><highlight class="normal"><sp/>;</highlight></codeline>
<codeline lineno="49"><highlight class="normal"><sp/><sp/><sp/><sp/><sp/><sp/><sp/><sp/></highlight><highlight class="keywordtype">void</highlight><highlight class="normal"><sp/><ref refid="classrwa3_1_1_land_based_wheeled_1ab795b7fb2489990db212ca6d3bdf3c0e" kindref="member">TurnRight</ref>(</highlight><highlight class="keywordtype">int</highlight><highlight class="normal"><sp/><ref refid="classrwa3_1_1_land_based_robot_1a832cf3ec3e8226a5dca17f2177a5730a" kindref="member">x_</ref>,<sp/></highlight><highlight class="keywordtype">int</highlight><highlight class="normal"><sp/><ref refid="classrwa3_1_1_land_based_robot_1a2749e5dd4c77633f72eba70d269fdf59" kindref="member">y_</ref>)<sp/></highlight><highlight class="keyword">override</highlight><highlight class="normal"><sp/>;</highlight></codeline>
<codeline lineno="52"><highlight class="normal"><sp/><sp/><sp/><sp/><sp/><sp/><sp/><sp/></highlight><highlight class="keywordtype">void</highlight><highlight class="normal"><sp/><ref refid="classrwa3_1_1_land_based_wheeled_1ad39a840a0eae56064e1f84d9219fa407" kindref="member">PickUp</ref>(std::string<sp/>target)<sp/></highlight><highlight class="keyword">override</highlight><highlight class="normal"><sp/>;</highlight></codeline>
<codeline lineno="55"><highlight class="normal"><sp/><sp/><sp/><sp/><sp/><sp/><sp/><sp/></highlight><highlight class="keywordtype">void</highlight><highlight class="normal"><sp/><ref refid="classrwa3_1_1_land_based_wheeled_1a4a8a3bf03ccf577533f3915437a8ab03" kindref="member">Release</ref>(std::string<sp/>target)<sp/></highlight><highlight class="keyword">override</highlight><highlight class="normal"><sp/>;</highlight></codeline>
<codeline lineno="56"><highlight class="normal"><sp/><sp/><sp/><sp/></highlight><highlight class="keyword">protected</highlight><highlight class="normal">:</highlight></codeline>
<codeline lineno="57" refid="classrwa3_1_1_land_based_wheeled_1a725e617de7cb6909a403e95a5918f2bb" refkind="member"><highlight class="normal"><sp/><sp/><sp/><sp/><sp/><sp/><sp/><sp/></highlight><highlight class="keywordtype">int</highlight><highlight class="normal"><sp/><ref refid="classrwa3_1_1_land_based_wheeled_1a725e617de7cb6909a403e95a5918f2bb" kindref="member">wheel_number</ref>;<sp/><sp/><sp/></highlight></codeline>
<codeline lineno="58" refid="classrwa3_1_1_land_based_wheeled_1a1593d4e30cea415b600b849c1af7f092" refkind="member"><highlight class="normal"><sp/><sp/><sp/><sp/><sp/><sp/><sp/><sp/>std::shared_ptr&lt;std::string&gt;<sp/><ref refid="classrwa3_1_1_land_based_wheeled_1a1593d4e30cea415b600b849c1af7f092" kindref="member">wheel_type</ref>;<sp/><sp/><sp/><sp/></highlight></codeline>
<codeline lineno="59"><highlight class="normal"><sp/><sp/><sp/><sp/>};</highlight></codeline>
<codeline lineno="60"><highlight class="normal">}</highlight></codeline>
    </programlisting>
    <location file="D:/CC/UMD/ENPM 809Y/hws/hw3/RWA3-Group5/LandBasedTracked/LandBasedWheeled.h"/>
  </compounddef>
</doxygen>
