<?xml version='1.0' encoding='UTF-8' standalone='no'?>
<doxygen xmlns:xsi="http://www.w3.org/2001/XMLSchema-instance" xsi:noNamespaceSchemaLocation="compound.xsd" version="1.8.18">
  <compounddef id="_land_based_wheeled_8cpp" kind="file" language="C++">
    <compoundname>LandBasedWheeled.cpp</compoundname>
    <includes refid="_land_based_wheeled_8h" local="yes">LandBasedWheeled.h</includes>
    <incdepgraph>
      <node id="2">
        <label>LandBasedWheeled.h</label>
        <link refid="_land_based_wheeled_8h"/>
        <childnode refid="3" relation="include">
        </childnode>
        <childnode refid="4" relation="include">
        </childnode>
        <childnode refid="5" relation="include">
        </childnode>
      </node>
      <node id="5">
        <label>../LandBasedRobot/LandBasedRobot.h</label>
        <link refid="_land_based_robot_8h"/>
        <childnode refid="6" relation="include">
        </childnode>
        <childnode refid="4" relation="include">
        </childnode>
      </node>
      <node id="1">
        <label>D:/CC/UMD/ENPM 809Y/hws/hw3/RWA3-Group5/LandBasedTracked/LandBasedWheeled.cpp</label>
        <link refid="_land_based_wheeled_8cpp"/>
        <childnode refid="2" relation="include">
        </childnode>
      </node>
      <node id="6">
        <label>string</label>
      </node>
      <node id="4">
        <label>iostream</label>
      </node>
      <node id="3">
        <label>memory</label>
      </node>
    </incdepgraph>
    <briefdescription>
    </briefdescription>
    <detaileddescription>
    </detaileddescription>
    <programlisting>
<codeline lineno="1"><highlight class="comment">//</highlight><highlight class="normal"></highlight></codeline>
<codeline lineno="2"><highlight class="normal"></highlight><highlight class="comment">//<sp/>Created<sp/>by<sp/>cheng<sp/>on<sp/>4/24/2020.</highlight><highlight class="normal"></highlight></codeline>
<codeline lineno="3"><highlight class="normal"></highlight><highlight class="comment">//</highlight><highlight class="normal"></highlight></codeline>
<codeline lineno="4"><highlight class="normal"></highlight><highlight class="preprocessor">#include<sp/>&quot;<ref refid="_land_based_wheeled_8h" kindref="compound">LandBasedWheeled.h</ref>&quot;</highlight><highlight class="normal"></highlight></codeline>
<codeline lineno="5"><highlight class="normal"></highlight></codeline>
<codeline lineno="6" refid="classrwa3_1_1_land_based_wheeled_1a8fe7d7b2c49968a7b67349162a0c0dd7" refkind="member"><highlight class="normal"></highlight><highlight class="keywordtype">void</highlight><highlight class="normal"><sp/><ref refid="classrwa3_1_1_land_based_wheeled_1a8fe7d7b2c49968a7b67349162a0c0dd7" kindref="member">rwa3::LandBasedWheeled::GoUp</ref>(</highlight><highlight class="keywordtype">int</highlight><highlight class="normal"><sp/>x_,<sp/></highlight><highlight class="keywordtype">int</highlight><highlight class="normal"><sp/>y_)<sp/>{</highlight></codeline>
<codeline lineno="7"><highlight class="normal"><sp/><sp/><sp/><sp/>std::cout<sp/>&lt;&lt;<sp/></highlight><highlight class="stringliteral">&quot;LandBasedWheeled::GoUp<sp/>is<sp/>called\n&quot;</highlight><highlight class="normal">;</highlight></codeline>
<codeline lineno="8"><highlight class="normal">}</highlight></codeline>
<codeline lineno="9"><highlight class="normal"></highlight></codeline>
<codeline lineno="10" refid="classrwa3_1_1_land_based_wheeled_1ae1c0643dcbadbb1e1168085b905950c3" refkind="member"><highlight class="normal"></highlight><highlight class="keywordtype">void</highlight><highlight class="normal"><sp/><ref refid="classrwa3_1_1_land_based_wheeled_1ae1c0643dcbadbb1e1168085b905950c3" kindref="member">rwa3::LandBasedWheeled::GoDown</ref>(</highlight><highlight class="keywordtype">int</highlight><highlight class="normal"><sp/>x_,<sp/></highlight><highlight class="keywordtype">int</highlight><highlight class="normal"><sp/>y_)<sp/>{</highlight></codeline>
<codeline lineno="11"><highlight class="normal"><sp/><sp/><sp/><sp/>std::cout<sp/>&lt;&lt;<sp/></highlight><highlight class="stringliteral">&quot;LandBasedWheeled::GoDown<sp/>is<sp/>called\n&quot;</highlight><highlight class="normal">;</highlight></codeline>
<codeline lineno="12"><highlight class="normal">}</highlight></codeline>
<codeline lineno="13"><highlight class="normal"></highlight></codeline>
<codeline lineno="14" refid="classrwa3_1_1_land_based_wheeled_1a2fc50dcf0970b7e48dc234205ceb149e" refkind="member"><highlight class="normal"></highlight><highlight class="keywordtype">void</highlight><highlight class="normal"><sp/><ref refid="classrwa3_1_1_land_based_wheeled_1a2fc50dcf0970b7e48dc234205ceb149e" kindref="member">rwa3::LandBasedWheeled::TurnLeft</ref>(</highlight><highlight class="keywordtype">int</highlight><highlight class="normal"><sp/>x_,<sp/></highlight><highlight class="keywordtype">int</highlight><highlight class="normal"><sp/>y_)<sp/>{</highlight></codeline>
<codeline lineno="15"><highlight class="normal"><sp/><sp/><sp/><sp/>std::cout<sp/>&lt;&lt;<sp/></highlight><highlight class="stringliteral">&quot;LandBasedWheeled::TurnLeft<sp/>is<sp/>called\n&quot;</highlight><highlight class="normal">;</highlight></codeline>
<codeline lineno="16"><highlight class="normal">}</highlight></codeline>
<codeline lineno="17"><highlight class="normal"></highlight></codeline>
<codeline lineno="18" refid="classrwa3_1_1_land_based_wheeled_1ab795b7fb2489990db212ca6d3bdf3c0e" refkind="member"><highlight class="normal"></highlight><highlight class="keywordtype">void</highlight><highlight class="normal"><sp/><ref refid="classrwa3_1_1_land_based_wheeled_1ab795b7fb2489990db212ca6d3bdf3c0e" kindref="member">rwa3::LandBasedWheeled::TurnRight</ref>(</highlight><highlight class="keywordtype">int</highlight><highlight class="normal"><sp/>x_,<sp/></highlight><highlight class="keywordtype">int</highlight><highlight class="normal"><sp/>y_)<sp/>{</highlight></codeline>
<codeline lineno="19"><highlight class="normal"><sp/><sp/><sp/><sp/>std::cout<sp/>&lt;&lt;<sp/></highlight><highlight class="stringliteral">&quot;LandBasedWheeled::TurnRight<sp/>is<sp/>called\n&quot;</highlight><highlight class="normal">;</highlight></codeline>
<codeline lineno="20"><highlight class="normal">}</highlight></codeline>
<codeline lineno="21"><highlight class="normal"></highlight></codeline>
<codeline lineno="22" refid="classrwa3_1_1_land_based_wheeled_1ad39a840a0eae56064e1f84d9219fa407" refkind="member"><highlight class="normal"></highlight><highlight class="keywordtype">void</highlight><highlight class="normal"><sp/><ref refid="classrwa3_1_1_land_based_wheeled_1ad39a840a0eae56064e1f84d9219fa407" kindref="member">rwa3::LandBasedWheeled::PickUp</ref>(std::string<sp/>target)<sp/>{</highlight></codeline>
<codeline lineno="23"><highlight class="normal"><sp/><sp/><sp/><sp/>std::cout<sp/>&lt;&lt;<sp/></highlight><highlight class="stringliteral">&quot;LandBasedWheeled::PickUp<sp/>is<sp/>called\n&quot;</highlight><highlight class="normal">;</highlight></codeline>
<codeline lineno="24"><highlight class="normal">}</highlight></codeline>
<codeline lineno="25"><highlight class="normal"></highlight></codeline>
<codeline lineno="26" refid="classrwa3_1_1_land_based_wheeled_1a4a8a3bf03ccf577533f3915437a8ab03" refkind="member"><highlight class="normal"></highlight><highlight class="keywordtype">void</highlight><highlight class="normal"><sp/><ref refid="classrwa3_1_1_land_based_wheeled_1a4a8a3bf03ccf577533f3915437a8ab03" kindref="member">rwa3::LandBasedWheeled::Release</ref>(std::string<sp/>target)<sp/>{</highlight></codeline>
<codeline lineno="27"><highlight class="normal"><sp/><sp/><sp/><sp/>std::cout<sp/>&lt;&lt;<sp/></highlight><highlight class="stringliteral">&quot;LandBasedWheeled::Release<sp/>is<sp/>called\n&quot;</highlight><highlight class="normal">;</highlight></codeline>
<codeline lineno="28"><highlight class="normal">}</highlight></codeline>
    </programlisting>
    <location file="D:/CC/UMD/ENPM 809Y/hws/hw3/RWA3-Group5/LandBasedTracked/LandBasedWheeled.cpp"/>
  </compounddef>
</doxygen>
