<?xml version='1.0' encoding='UTF-8' standalone='no'?>
<doxygen xmlns:xsi="http://www.w3.org/2001/XMLSchema-instance" xsi:noNamespaceSchemaLocation="compound.xsd" version="1.8.18">
  <compounddef id="_land_based_robot_8h" kind="file" language="C++">
    <compoundname>LandBasedRobot.h</compoundname>
    <includes local="no">string</includes>
    <includes local="no">iostream</includes>
    <includedby refid="_land_based_robot_8cpp" local="yes">D:/CC/UMD/ENPM 809Y/hws/hw3/RWA3-Group5/LandBasedRobot/LandBasedRobot.cpp</includedby>
    <includedby refid="_land_based_wheeled_8h" local="yes">D:/CC/UMD/ENPM 809Y/hws/hw3/RWA3-Group5/LandBasedTracked/LandBasedWheeled.h</includedby>
    <includedby refid="_land_based_tracked_8h" local="yes">D:/CC/UMD/ENPM 809Y/hws/hw3/RWA3-Group5/LandBasedWheeled/LandBasedTracked.h</includedby>
    <incdepgraph>
      <node id="1">
        <label>D:/CC/UMD/ENPM 809Y/hws/hw3/RWA3-Group5/LandBasedRobot/LandBasedRobot.h</label>
        <link refid="_land_based_robot_8h"/>
        <childnode refid="2" relation="include">
        </childnode>
        <childnode refid="3" relation="include">
        </childnode>
      </node>
      <node id="2">
        <label>string</label>
      </node>
      <node id="3">
        <label>iostream</label>
      </node>
    </incdepgraph>
    <invincdepgraph>
      <node id="7">
        <label>D:/CC/UMD/ENPM 809Y/hws/hw3/RWA3-Group5/LandBasedWheeled/LandBasedTracked.cpp</label>
        <link refid="_land_based_tracked_8cpp"/>
      </node>
      <node id="3">
        <label>D:/CC/UMD/ENPM 809Y/hws/hw3/RWA3-Group5/LandBasedTracked/LandBasedWheeled.h</label>
        <link refid="_land_based_wheeled_8h"/>
        <childnode refid="4" relation="include">
        </childnode>
        <childnode refid="5" relation="include">
        </childnode>
      </node>
      <node id="1">
        <label>D:/CC/UMD/ENPM 809Y/hws/hw3/RWA3-Group5/LandBasedRobot/LandBasedRobot.h</label>
        <link refid="_land_based_robot_8h"/>
        <childnode refid="2" relation="include">
        </childnode>
        <childnode refid="3" relation="include">
        </childnode>
        <childnode refid="6" relation="include">
        </childnode>
      </node>
      <node id="4">
        <label>D:/CC/UMD/ENPM 809Y/hws/hw3/RWA3-Group5/LandBasedTracked/LandBasedWheeled.cpp</label>
        <link refid="_land_based_wheeled_8cpp"/>
      </node>
      <node id="5">
        <label>D:/CC/UMD/ENPM 809Y/hws/hw3/RWA3-Group5/main.cpp</label>
        <link refid="main_8cpp"/>
      </node>
      <node id="6">
        <label>D:/CC/UMD/ENPM 809Y/hws/hw3/RWA3-Group5/LandBasedWheeled/LandBasedTracked.h</label>
        <link refid="_land_based_tracked_8h"/>
        <childnode refid="7" relation="include">
        </childnode>
        <childnode refid="5" relation="include">
        </childnode>
      </node>
      <node id="2">
        <label>D:/CC/UMD/ENPM 809Y/hws/hw3/RWA3-Group5/LandBasedRobot/LandBasedRobot.cpp</label>
        <link refid="_land_based_robot_8cpp"/>
      </node>
    </invincdepgraph>
    <innerclass refid="classrwa3_1_1_land_based_robot" prot="public">rwa3::LandBasedRobot</innerclass>
    <innernamespace refid="namespacerwa3">rwa3</innernamespace>
    <briefdescription>
    </briefdescription>
    <detaileddescription>
    </detaileddescription>
    <programlisting>
<codeline lineno="1"><highlight class="comment">//</highlight><highlight class="normal"></highlight></codeline>
<codeline lineno="2"><highlight class="normal"></highlight><highlight class="comment">//<sp/>Created<sp/>by<sp/>cheng<sp/>on<sp/>4/24/2020.</highlight><highlight class="normal"></highlight></codeline>
<codeline lineno="3"><highlight class="normal"></highlight><highlight class="comment">//</highlight><highlight class="normal"></highlight></codeline>
<codeline lineno="4"><highlight class="normal"></highlight></codeline>
<codeline lineno="5"><highlight class="normal"></highlight><highlight class="preprocessor">#pragma<sp/>once</highlight><highlight class="normal"></highlight></codeline>
<codeline lineno="6"><highlight class="normal"></highlight><highlight class="preprocessor">#include<sp/>&lt;string&gt;</highlight><highlight class="normal"></highlight></codeline>
<codeline lineno="7"><highlight class="normal"></highlight><highlight class="preprocessor">#include<sp/>&lt;iostream&gt;</highlight><highlight class="normal"></highlight></codeline>
<codeline lineno="8"><highlight class="normal"></highlight></codeline>
<codeline lineno="9" refid="namespacerwa3" refkind="compound"><highlight class="normal"></highlight><highlight class="keyword">namespace<sp/></highlight><highlight class="normal"><ref refid="namespacerwa3" kindref="compound">rwa3</ref><sp/>{</highlight></codeline>
<codeline lineno="10" refid="classrwa3_1_1_land_based_robot" refkind="compound"><highlight class="normal"><sp/><sp/><sp/><sp/></highlight><highlight class="keyword">class<sp/></highlight><highlight class="normal"><ref refid="classrwa3_1_1_land_based_robot" kindref="compound">LandBasedRobot</ref><sp/>{<sp/></highlight></codeline>
<codeline lineno="11"><highlight class="normal"><sp/><sp/><sp/><sp/></highlight><highlight class="keyword">public</highlight><highlight class="normal">:</highlight></codeline>
<codeline lineno="25" refid="classrwa3_1_1_land_based_robot_1a21e329a67692e76d3e6609fc1509e863" refkind="member"><highlight class="normal"><sp/><sp/><sp/><sp/><sp/><sp/><sp/><sp/><ref refid="classrwa3_1_1_land_based_robot_1a21e329a67692e76d3e6609fc1509e863" kindref="member">LandBasedRobot</ref>(std::string<sp/>name,<sp/></highlight><highlight class="keywordtype">int</highlight><highlight class="normal"><sp/>x,<sp/></highlight><highlight class="keywordtype">int</highlight><highlight class="normal"><sp/>y,<sp/></highlight><highlight class="keywordtype">double</highlight><highlight class="normal"><sp/>speed,<sp/></highlight><highlight class="keywordtype">double</highlight><highlight class="normal"><sp/>width,<sp/></highlight><highlight class="keywordtype">double</highlight><highlight class="normal"><sp/>length,<sp/></highlight><highlight class="keywordtype">double</highlight><highlight class="normal"><sp/>height,<sp/></highlight><highlight class="keywordtype">double</highlight><highlight class="normal"><sp/>capacity)<sp/>:<sp/><ref refid="classrwa3_1_1_land_based_robot_1af41338d7f38b2a75174886990d8ece1e" kindref="member">name_</ref>{name},<sp/><ref refid="classrwa3_1_1_land_based_robot_1a832cf3ec3e8226a5dca17f2177a5730a" kindref="member">x_</ref>{x},<sp/><ref refid="classrwa3_1_1_land_based_robot_1a2749e5dd4c77633f72eba70d269fdf59" kindref="member">y_</ref>{y},<sp/><ref refid="classrwa3_1_1_land_based_robot_1ad9831c30393edcd779041734db24d819" kindref="member">speed_</ref>{speed},<sp/><ref refid="classrwa3_1_1_land_based_robot_1a04a444830f3ad0c0d78d206e0d598bbb" kindref="member">width_</ref>{width},<sp/><ref refid="classrwa3_1_1_land_based_robot_1ac4b3cde4702d4ea866f503eedf6ea1e3" kindref="member">length_</ref>{length},<sp/><ref refid="classrwa3_1_1_land_based_robot_1a1187f7a4fd44450abf81a1ad76f18f72" kindref="member">height_</ref>{height},<sp/><ref refid="classrwa3_1_1_land_based_robot_1aa717b15025b339a0f40f689452a97cf8" kindref="member">capacity_</ref>{capacity}{};</highlight></codeline>
<codeline lineno="26" refid="classrwa3_1_1_land_based_robot_1ac57e1fa6a06533403765c3ca0a7fc2d6" refkind="member"><highlight class="normal"><sp/><sp/><sp/><sp/><sp/><sp/><sp/><sp/></highlight><highlight class="keyword">virtual</highlight><highlight class="normal"><sp/><ref refid="classrwa3_1_1_land_based_robot_1ac57e1fa6a06533403765c3ca0a7fc2d6" kindref="member">~LandBasedRobot</ref>(){</highlight></codeline>
<codeline lineno="27"><highlight class="normal"><sp/><sp/><sp/><sp/><sp/><sp/><sp/><sp/><sp/><sp/><sp/><sp/>std::cout<sp/>&lt;&lt;<sp/></highlight><highlight class="stringliteral">&quot;LandBasedRobot<sp/>is<sp/>released\n&quot;</highlight><highlight class="normal">;</highlight></codeline>
<codeline lineno="28"><highlight class="normal"><sp/><sp/><sp/><sp/><sp/><sp/><sp/><sp/>}</highlight></codeline>
<codeline lineno="29"><highlight class="normal"></highlight></codeline>
<codeline lineno="34"><highlight class="normal"><sp/><sp/><sp/><sp/><sp/><sp/><sp/><sp/></highlight><highlight class="keyword">virtual</highlight><highlight class="normal"><sp/></highlight><highlight class="keywordtype">void</highlight><highlight class="normal"><sp/><ref refid="classrwa3_1_1_land_based_robot_1a87de88f6c095382d4ab06ef2b3ee58fc" kindref="member">GoUp</ref>(</highlight><highlight class="keywordtype">int</highlight><highlight class="normal"><sp/><ref refid="classrwa3_1_1_land_based_robot_1a832cf3ec3e8226a5dca17f2177a5730a" kindref="member">x_</ref>,<sp/></highlight><highlight class="keywordtype">int</highlight><highlight class="normal"><sp/><ref refid="classrwa3_1_1_land_based_robot_1a2749e5dd4c77633f72eba70d269fdf59" kindref="member">y_</ref>);</highlight></codeline>
<codeline lineno="38"><highlight class="normal"><sp/><sp/><sp/><sp/><sp/><sp/><sp/><sp/></highlight><highlight class="keyword">virtual</highlight><highlight class="normal"><sp/></highlight><highlight class="keywordtype">void</highlight><highlight class="normal"><sp/><ref refid="classrwa3_1_1_land_based_robot_1a624ec9ae053d3780528f6e81375d925f" kindref="member">GoDown</ref>(</highlight><highlight class="keywordtype">int</highlight><highlight class="normal"><sp/><ref refid="classrwa3_1_1_land_based_robot_1a832cf3ec3e8226a5dca17f2177a5730a" kindref="member">x_</ref>,<sp/></highlight><highlight class="keywordtype">int</highlight><highlight class="normal"><sp/><ref refid="classrwa3_1_1_land_based_robot_1a2749e5dd4c77633f72eba70d269fdf59" kindref="member">y_</ref>);</highlight></codeline>
<codeline lineno="42"><highlight class="normal"><sp/><sp/><sp/><sp/><sp/><sp/><sp/><sp/></highlight><highlight class="keyword">virtual</highlight><highlight class="normal"><sp/></highlight><highlight class="keywordtype">void</highlight><highlight class="normal"><sp/><ref refid="classrwa3_1_1_land_based_robot_1aed30ef4c5b6b89a4f41c10ec17a66c18" kindref="member">TurnLeft</ref>(</highlight><highlight class="keywordtype">int</highlight><highlight class="normal"><sp/><ref refid="classrwa3_1_1_land_based_robot_1a832cf3ec3e8226a5dca17f2177a5730a" kindref="member">x_</ref>,<sp/></highlight><highlight class="keywordtype">int</highlight><highlight class="normal"><sp/><ref refid="classrwa3_1_1_land_based_robot_1a2749e5dd4c77633f72eba70d269fdf59" kindref="member">y_</ref>);</highlight></codeline>
<codeline lineno="46"><highlight class="normal"><sp/><sp/><sp/><sp/><sp/><sp/><sp/><sp/></highlight><highlight class="keyword">virtual</highlight><highlight class="normal"><sp/></highlight><highlight class="keywordtype">void</highlight><highlight class="normal"><sp/><ref refid="classrwa3_1_1_land_based_robot_1a8940a74cbdd0eabba937b18797a6dba1" kindref="member">TurnRight</ref>(</highlight><highlight class="keywordtype">int</highlight><highlight class="normal"><sp/><ref refid="classrwa3_1_1_land_based_robot_1a832cf3ec3e8226a5dca17f2177a5730a" kindref="member">x_</ref>,<sp/></highlight><highlight class="keywordtype">int</highlight><highlight class="normal"><sp/><ref refid="classrwa3_1_1_land_based_robot_1a2749e5dd4c77633f72eba70d269fdf59" kindref="member">y_</ref>);</highlight></codeline>
<codeline lineno="49"><highlight class="normal"><sp/><sp/><sp/><sp/><sp/><sp/><sp/><sp/></highlight><highlight class="keyword">virtual</highlight><highlight class="normal"><sp/></highlight><highlight class="keywordtype">void</highlight><highlight class="normal"><sp/><ref refid="classrwa3_1_1_land_based_robot_1a5bcf547d74111438d076c53366c7c81e" kindref="member">PickUp</ref>(std::string<sp/>target);</highlight></codeline>
<codeline lineno="52"><highlight class="normal"><sp/><sp/><sp/><sp/><sp/><sp/><sp/><sp/></highlight><highlight class="keyword">virtual</highlight><highlight class="normal"><sp/></highlight><highlight class="keywordtype">void</highlight><highlight class="normal"><sp/><ref refid="classrwa3_1_1_land_based_robot_1aacf511569351683d81b42917a22851bd" kindref="member">Release</ref>(std::string<sp/>target);</highlight></codeline>
<codeline lineno="53"><highlight class="normal"></highlight></codeline>
<codeline lineno="57" refid="classrwa3_1_1_land_based_robot_1a7769a08e59150e9f63991c6614a94c4d" refkind="member"><highlight class="normal"><sp/><sp/><sp/><sp/><sp/><sp/><sp/><sp/></highlight><highlight class="keywordtype">int</highlight><highlight class="normal"><sp/><ref refid="classrwa3_1_1_land_based_robot_1a7769a08e59150e9f63991c6614a94c4d" kindref="member">get_x</ref>()</highlight><highlight class="keyword"><sp/>const</highlight><highlight class="normal">{</highlight></codeline>
<codeline lineno="58"><highlight class="normal"><sp/><sp/><sp/><sp/><sp/><sp/><sp/><sp/><sp/><sp/><sp/><sp/></highlight><highlight class="keywordflow">return</highlight><highlight class="normal"><sp/>this-&gt;<ref refid="classrwa3_1_1_land_based_robot_1a832cf3ec3e8226a5dca17f2177a5730a" kindref="member">x_</ref>;</highlight></codeline>
<codeline lineno="59"><highlight class="normal"><sp/><sp/><sp/><sp/><sp/><sp/><sp/><sp/>}</highlight></codeline>
<codeline lineno="62" refid="classrwa3_1_1_land_based_robot_1a79a92d6e6eab95cd5f129ecc0e854116" refkind="member"><highlight class="normal"><sp/><sp/><sp/><sp/><sp/><sp/><sp/><sp/></highlight><highlight class="keywordtype">int</highlight><highlight class="normal"><sp/><ref refid="classrwa3_1_1_land_based_robot_1a79a92d6e6eab95cd5f129ecc0e854116" kindref="member">get_y</ref>()</highlight><highlight class="keyword"><sp/>const</highlight><highlight class="normal">{</highlight></codeline>
<codeline lineno="63"><highlight class="normal"><sp/><sp/><sp/><sp/><sp/><sp/><sp/><sp/><sp/><sp/><sp/><sp/></highlight><highlight class="keywordflow">return</highlight><highlight class="normal"><sp/>this-&gt;<ref refid="classrwa3_1_1_land_based_robot_1a2749e5dd4c77633f72eba70d269fdf59" kindref="member">y_</ref>;</highlight></codeline>
<codeline lineno="64"><highlight class="normal"><sp/><sp/><sp/><sp/><sp/><sp/><sp/><sp/>}</highlight></codeline>
<codeline lineno="67" refid="classrwa3_1_1_land_based_robot_1a2556d75eaa014c288df274c1a9eebf7e" refkind="member"><highlight class="normal"><sp/><sp/><sp/><sp/><sp/><sp/><sp/><sp/>std::string<sp/><ref refid="classrwa3_1_1_land_based_robot_1a2556d75eaa014c288df274c1a9eebf7e" kindref="member">getName</ref>()</highlight><highlight class="keyword"><sp/>const</highlight><highlight class="normal">{</highlight></codeline>
<codeline lineno="68"><highlight class="normal"><sp/><sp/><sp/><sp/><sp/><sp/><sp/><sp/><sp/><sp/><sp/><sp/></highlight><highlight class="keywordflow">return</highlight><highlight class="normal"><sp/>this-&gt;<ref refid="classrwa3_1_1_land_based_robot_1af41338d7f38b2a75174886990d8ece1e" kindref="member">name_</ref>;</highlight></codeline>
<codeline lineno="69"><highlight class="normal"><sp/><sp/><sp/><sp/><sp/><sp/><sp/><sp/>}</highlight></codeline>
<codeline lineno="70"><highlight class="normal"></highlight></codeline>
<codeline lineno="71"><highlight class="normal"><sp/><sp/><sp/><sp/></highlight><highlight class="keyword">protected</highlight><highlight class="normal">:</highlight></codeline>
<codeline lineno="72" refid="classrwa3_1_1_land_based_robot_1af41338d7f38b2a75174886990d8ece1e" refkind="member"><highlight class="normal"><sp/><sp/><sp/><sp/><sp/><sp/><sp/><sp/>std::string<sp/><ref refid="classrwa3_1_1_land_based_robot_1af41338d7f38b2a75174886990d8ece1e" kindref="member">name_</ref>;<sp/></highlight></codeline>
<codeline lineno="73" refid="classrwa3_1_1_land_based_robot_1ad9831c30393edcd779041734db24d819" refkind="member"><highlight class="normal"><sp/><sp/><sp/><sp/><sp/><sp/><sp/><sp/></highlight><highlight class="keywordtype">double</highlight><highlight class="normal"><sp/><ref refid="classrwa3_1_1_land_based_robot_1ad9831c30393edcd779041734db24d819" kindref="member">speed_</ref>;<sp/></highlight></codeline>
<codeline lineno="74" refid="classrwa3_1_1_land_based_robot_1a04a444830f3ad0c0d78d206e0d598bbb" refkind="member"><highlight class="normal"><sp/><sp/><sp/><sp/><sp/><sp/><sp/><sp/></highlight><highlight class="keywordtype">double</highlight><highlight class="normal"><sp/><ref refid="classrwa3_1_1_land_based_robot_1a04a444830f3ad0c0d78d206e0d598bbb" kindref="member">width_</ref>;<sp/></highlight></codeline>
<codeline lineno="75" refid="classrwa3_1_1_land_based_robot_1ac4b3cde4702d4ea866f503eedf6ea1e3" refkind="member"><highlight class="normal"><sp/><sp/><sp/><sp/><sp/><sp/><sp/><sp/></highlight><highlight class="keywordtype">double</highlight><highlight class="normal"><sp/><ref refid="classrwa3_1_1_land_based_robot_1ac4b3cde4702d4ea866f503eedf6ea1e3" kindref="member">length_</ref>;<sp/></highlight></codeline>
<codeline lineno="76" refid="classrwa3_1_1_land_based_robot_1a1187f7a4fd44450abf81a1ad76f18f72" refkind="member"><highlight class="normal"><sp/><sp/><sp/><sp/><sp/><sp/><sp/><sp/></highlight><highlight class="keywordtype">double</highlight><highlight class="normal"><sp/><ref refid="classrwa3_1_1_land_based_robot_1a1187f7a4fd44450abf81a1ad76f18f72" kindref="member">height_</ref>;<sp/></highlight></codeline>
<codeline lineno="77" refid="classrwa3_1_1_land_based_robot_1aa717b15025b339a0f40f689452a97cf8" refkind="member"><highlight class="normal"><sp/><sp/><sp/><sp/><sp/><sp/><sp/><sp/></highlight><highlight class="keywordtype">double</highlight><highlight class="normal"><sp/><ref refid="classrwa3_1_1_land_based_robot_1aa717b15025b339a0f40f689452a97cf8" kindref="member">capacity_</ref>;<sp/></highlight></codeline>
<codeline lineno="78" refid="classrwa3_1_1_land_based_robot_1a832cf3ec3e8226a5dca17f2177a5730a" refkind="member"><highlight class="normal"><sp/><sp/><sp/><sp/><sp/><sp/><sp/><sp/></highlight><highlight class="keywordtype">int</highlight><highlight class="normal"><sp/><ref refid="classrwa3_1_1_land_based_robot_1a832cf3ec3e8226a5dca17f2177a5730a" kindref="member">x_</ref>;<sp/></highlight></codeline>
<codeline lineno="79" refid="classrwa3_1_1_land_based_robot_1a2749e5dd4c77633f72eba70d269fdf59" refkind="member"><highlight class="normal"><sp/><sp/><sp/><sp/><sp/><sp/><sp/><sp/></highlight><highlight class="keywordtype">int</highlight><highlight class="normal"><sp/><ref refid="classrwa3_1_1_land_based_robot_1a2749e5dd4c77633f72eba70d269fdf59" kindref="member">y_</ref>;<sp/></highlight></codeline>
<codeline lineno="80"><highlight class="normal"><sp/><sp/><sp/><sp/>};</highlight></codeline>
<codeline lineno="81"><highlight class="normal">}</highlight></codeline>
    </programlisting>
    <location file="D:/CC/UMD/ENPM 809Y/hws/hw3/RWA3-Group5/LandBasedRobot/LandBasedRobot.h"/>
  </compounddef>
</doxygen>
