<?xml version='1.0' encoding='UTF-8' standalone='no'?>
<doxygen xmlns:xsi="http://www.w3.org/2001/XMLSchema-instance" xsi:noNamespaceSchemaLocation="compound.xsd" version="1.8.18">
  <compounddef id="_land_based_robot_8cpp" kind="file" language="C++">
    <compoundname>LandBasedRobot.cpp</compoundname>
    <includes refid="_land_based_robot_8h" local="yes">LandBasedRobot.h</includes>
    <incdepgraph>
      <node id="2">
        <label>LandBasedRobot.h</label>
        <link refid="_land_based_robot_8h"/>
        <childnode refid="3" relation="include">
        </childnode>
        <childnode refid="4" relation="include">
        </childnode>
      </node>
      <node id="3">
        <label>string</label>
      </node>
      <node id="4">
        <label>iostream</label>
      </node>
      <node id="1">
        <label>D:/CC/UMD/ENPM 809Y/hws/hw3/RWA3-Group5/LandBasedRobot/LandBasedRobot.cpp</label>
        <link refid="_land_based_robot_8cpp"/>
        <childnode refid="2" relation="include">
        </childnode>
      </node>
    </incdepgraph>
    <briefdescription>
    </briefdescription>
    <detaileddescription>
    </detaileddescription>
    <programlisting>
<codeline lineno="1"><highlight class="comment">//</highlight><highlight class="normal"></highlight></codeline>
<codeline lineno="2"><highlight class="normal"></highlight><highlight class="comment">//<sp/>Created<sp/>by<sp/>cheng<sp/>on<sp/>4/24/2020.</highlight><highlight class="normal"></highlight></codeline>
<codeline lineno="3"><highlight class="normal"></highlight><highlight class="comment">//</highlight><highlight class="normal"></highlight></codeline>
<codeline lineno="4"><highlight class="normal"></highlight><highlight class="preprocessor">#include<sp/>&quot;<ref refid="_land_based_robot_8h" kindref="compound">LandBasedRobot.h</ref>&quot;</highlight><highlight class="normal"></highlight></codeline>
<codeline lineno="5"><highlight class="normal"></highlight></codeline>
<codeline lineno="6" refid="classrwa3_1_1_land_based_robot_1a87de88f6c095382d4ab06ef2b3ee58fc" refkind="member"><highlight class="normal"></highlight><highlight class="keywordtype">void</highlight><highlight class="normal"><sp/><ref refid="classrwa3_1_1_land_based_robot_1a87de88f6c095382d4ab06ef2b3ee58fc" kindref="member">rwa3::LandBasedRobot::GoUp</ref>(</highlight><highlight class="keywordtype">int</highlight><highlight class="normal"><sp/>x_,<sp/></highlight><highlight class="keywordtype">int</highlight><highlight class="normal"><sp/>y_)<sp/>{</highlight></codeline>
<codeline lineno="7"><highlight class="normal"><sp/><sp/><sp/><sp/>std::cout<sp/>&lt;&lt;<sp/></highlight><highlight class="stringliteral">&quot;LandBasedRobot::GoUp<sp/>is<sp/>called\n&quot;</highlight><highlight class="normal">;</highlight></codeline>
<codeline lineno="8"><highlight class="normal">}</highlight><highlight class="comment">//<sp/>Move<sp/>the<sp/>robot<sp/>up<sp/>in<sp/>the<sp/>maze.</highlight><highlight class="normal"></highlight></codeline>
<codeline lineno="9"><highlight class="normal"></highlight></codeline>
<codeline lineno="10" refid="classrwa3_1_1_land_based_robot_1a624ec9ae053d3780528f6e81375d925f" refkind="member"><highlight class="normal"></highlight><highlight class="keywordtype">void</highlight><highlight class="normal"><sp/><ref refid="classrwa3_1_1_land_based_robot_1a624ec9ae053d3780528f6e81375d925f" kindref="member">rwa3::LandBasedRobot::GoDown</ref>(</highlight><highlight class="keywordtype">int</highlight><highlight class="normal"><sp/>x_,<sp/></highlight><highlight class="keywordtype">int</highlight><highlight class="normal"><sp/>y_)<sp/>{</highlight></codeline>
<codeline lineno="11"><highlight class="normal"><sp/><sp/><sp/><sp/>std::cout<sp/>&lt;&lt;<sp/></highlight><highlight class="stringliteral">&quot;LandBasedRobot::GoDown<sp/>is<sp/>called\n&quot;</highlight><highlight class="normal">;</highlight></codeline>
<codeline lineno="12"><highlight class="normal">}</highlight><highlight class="comment">//<sp/>Move<sp/>the<sp/>robot<sp/>down<sp/>in<sp/>the<sp/>maze.</highlight><highlight class="normal"></highlight></codeline>
<codeline lineno="13"><highlight class="normal"></highlight></codeline>
<codeline lineno="14" refid="classrwa3_1_1_land_based_robot_1aed30ef4c5b6b89a4f41c10ec17a66c18" refkind="member"><highlight class="normal"></highlight><highlight class="keywordtype">void</highlight><highlight class="normal"><sp/><ref refid="classrwa3_1_1_land_based_robot_1aed30ef4c5b6b89a4f41c10ec17a66c18" kindref="member">rwa3::LandBasedRobot::TurnLeft</ref>(</highlight><highlight class="keywordtype">int</highlight><highlight class="normal"><sp/>x_,<sp/></highlight><highlight class="keywordtype">int</highlight><highlight class="normal"><sp/>y_)<sp/>{</highlight></codeline>
<codeline lineno="15"><highlight class="normal"><sp/><sp/><sp/><sp/>std::cout<sp/>&lt;&lt;<sp/></highlight><highlight class="stringliteral">&quot;LandBasedRobot::TurnLeft<sp/>is<sp/>called\n&quot;</highlight><highlight class="normal">;</highlight></codeline>
<codeline lineno="16"><highlight class="normal">}</highlight><highlight class="comment">//<sp/>Move<sp/>the<sp/>robot<sp/>left<sp/>in<sp/>the<sp/>maze.</highlight><highlight class="normal"></highlight></codeline>
<codeline lineno="17" refid="classrwa3_1_1_land_based_robot_1a8940a74cbdd0eabba937b18797a6dba1" refkind="member"><highlight class="normal"></highlight><highlight class="keywordtype">void</highlight><highlight class="normal"><sp/><ref refid="classrwa3_1_1_land_based_robot_1a8940a74cbdd0eabba937b18797a6dba1" kindref="member">rwa3::LandBasedRobot::TurnRight</ref>(</highlight><highlight class="keywordtype">int</highlight><highlight class="normal"><sp/>x_,<sp/></highlight><highlight class="keywordtype">int</highlight><highlight class="normal"><sp/>y_)<sp/>{</highlight></codeline>
<codeline lineno="18"><highlight class="normal"></highlight></codeline>
<codeline lineno="19"><highlight class="normal">}<sp/></highlight><highlight class="comment">//<sp/>Move<sp/>the<sp/>robot<sp/>right<sp/>in<sp/>the<sp/>maze.</highlight><highlight class="normal"></highlight></codeline>
<codeline lineno="20" refid="classrwa3_1_1_land_based_robot_1a5bcf547d74111438d076c53366c7c81e" refkind="member"><highlight class="normal"></highlight><highlight class="keywordtype">void</highlight><highlight class="normal"><sp/><ref refid="classrwa3_1_1_land_based_robot_1a5bcf547d74111438d076c53366c7c81e" kindref="member">rwa3::LandBasedRobot::PickUp</ref>(std::string<sp/>target)<sp/>{</highlight></codeline>
<codeline lineno="21"><highlight class="normal"><sp/><sp/><sp/><sp/>std::cout<sp/>&lt;&lt;<sp/></highlight><highlight class="stringliteral">&quot;LandBasedRobot::PickUp<sp/>is<sp/>called\n&quot;</highlight><highlight class="normal">;</highlight></codeline>
<codeline lineno="22"><highlight class="normal">}<sp/></highlight><highlight class="comment">//<sp/>Arm<sp/>picks<sp/>up<sp/>an<sp/>object.</highlight><highlight class="normal"></highlight></codeline>
<codeline lineno="23"><highlight class="normal"></highlight></codeline>
<codeline lineno="24" refid="classrwa3_1_1_land_based_robot_1aacf511569351683d81b42917a22851bd" refkind="member"><highlight class="normal"></highlight><highlight class="keywordtype">void</highlight><highlight class="normal"><sp/><ref refid="classrwa3_1_1_land_based_robot_1aacf511569351683d81b42917a22851bd" kindref="member">rwa3::LandBasedRobot::Release</ref>(std::string<sp/>target)<sp/>{</highlight></codeline>
<codeline lineno="25"><highlight class="normal"><sp/><sp/><sp/><sp/>std::cout<sp/>&lt;&lt;<sp/></highlight><highlight class="stringliteral">&quot;LandBasedRobot::Release<sp/>is<sp/>called\n&quot;</highlight><highlight class="normal">;</highlight></codeline>
<codeline lineno="26"><highlight class="normal">}</highlight></codeline>
<codeline lineno="27"><highlight class="normal"></highlight></codeline>
    </programlisting>
    <location file="D:/CC/UMD/ENPM 809Y/hws/hw3/RWA3-Group5/LandBasedRobot/LandBasedRobot.cpp"/>
  </compounddef>
</doxygen>
