<?xml version='1.0' encoding='UTF-8' standalone='no'?>
<doxygen xmlns:xsi="http://www.w3.org/2001/XMLSchema-instance" xsi:noNamespaceSchemaLocation="compound.xsd" version="1.8.18">
  <compounddef id="_target_directories_8txt" kind="file" language="C++">
    <compoundname>TargetDirectories.txt</compoundname>
    <briefdescription>
    </briefdescription>
    <detaileddescription>
    </detaileddescription>
    <programlisting>
<codeline lineno="1"><highlight class="normal">D:/CC/UMD/ENPM<sp/>809Y/hws/hw3/RWA3-Group5/cmake-build-debug/CMakeFiles/RWA3_Group5.dir</highlight></codeline>
<codeline lineno="2"><highlight class="normal">D:/CC/UMD/ENPM<sp/>809Y/hws/hw3/RWA3-Group5/cmake-build-debug/CMakeFiles/edit_cache.dir</highlight></codeline>
<codeline lineno="3"><highlight class="normal">D:/CC/UMD/ENPM<sp/>809Y/hws/hw3/RWA3-Group5/cmake-build-debug/CMakeFiles/rebuild_cache.dir</highlight></codeline>
    </programlisting>
    <location file="D:/CC/UMD/ENPM 809Y/hws/hw3/RWA3-Group5/cmake-build-debug/CMakeFiles/TargetDirectories.txt"/>
  </compounddef>
</doxygen>
