<?xml version='1.0' encoding='UTF-8' standalone='no'?>
<doxygen xmlns:xsi="http://www.w3.org/2001/XMLSchema-instance" xsi:noNamespaceSchemaLocation="compound.xsd" version="1.8.18">
  <compounddef id="classrwa3_1_1_land_based_robot" kind="class" language="C++" prot="public">
    <compoundname>rwa3::LandBasedRobot</compoundname>
    <derivedcompoundref refid="classrwa3_1_1_land_based_tracked" prot="public" virt="non-virtual">rwa3::LandBasedTracked</derivedcompoundref>
    <derivedcompoundref refid="classrwa3_1_1_land_based_wheeled" prot="public" virt="non-virtual">rwa3::LandBasedWheeled</derivedcompoundref>
    <includes refid="_land_based_robot_8h" local="no">LandBasedRobot.h</includes>
      <sectiondef kind="protected-attrib">
      <memberdef kind="variable" id="classrwa3_1_1_land_based_robot_1af41338d7f38b2a75174886990d8ece1e" prot="protected" static="no" mutable="no">
        <type>std::string</type>
        <definition>std::string rwa3::LandBasedRobot::name_</definition>
        <argsstring></argsstring>
        <name>name_</name>
        <briefdescription>
        </briefdescription>
        <detaileddescription>
        </detaileddescription>
        <inbodydescription>
        </inbodydescription>
        <location file="D:/CC/UMD/ENPM 809Y/hws/hw3/RWA3-Group5/LandBasedRobot/LandBasedRobot.h" line="72" column="21" bodyfile="D:/CC/UMD/ENPM 809Y/hws/hw3/RWA3-Group5/LandBasedRobot/LandBasedRobot.h" bodystart="72" bodyend="-1"/>
      </memberdef>
      <memberdef kind="variable" id="classrwa3_1_1_land_based_robot_1ad9831c30393edcd779041734db24d819" prot="protected" static="no" mutable="no">
        <type>double</type>
        <definition>double rwa3::LandBasedRobot::speed_</definition>
        <argsstring></argsstring>
        <name>speed_</name>
        <briefdescription>
<para>Name of the robot. </para>
        </briefdescription>
        <detaileddescription>
        </detaileddescription>
        <inbodydescription>
        </inbodydescription>
        <location file="D:/CC/UMD/ENPM 809Y/hws/hw3/RWA3-Group5/LandBasedRobot/LandBasedRobot.h" line="73" column="16" bodyfile="D:/CC/UMD/ENPM 809Y/hws/hw3/RWA3-Group5/LandBasedRobot/LandBasedRobot.h" bodystart="73" bodyend="-1"/>
      </memberdef>
      <memberdef kind="variable" id="classrwa3_1_1_land_based_robot_1a04a444830f3ad0c0d78d206e0d598bbb" prot="protected" static="no" mutable="no">
        <type>double</type>
        <definition>double rwa3::LandBasedRobot::width_</definition>
        <argsstring></argsstring>
        <name>width_</name>
        <briefdescription>
<para>Driving speed of the robot. </para>
        </briefdescription>
        <detaileddescription>
        </detaileddescription>
        <inbodydescription>
        </inbodydescription>
        <location file="D:/CC/UMD/ENPM 809Y/hws/hw3/RWA3-Group5/LandBasedRobot/LandBasedRobot.h" line="74" column="16" bodyfile="D:/CC/UMD/ENPM 809Y/hws/hw3/RWA3-Group5/LandBasedRobot/LandBasedRobot.h" bodystart="74" bodyend="-1"/>
      </memberdef>
      <memberdef kind="variable" id="classrwa3_1_1_land_based_robot_1ac4b3cde4702d4ea866f503eedf6ea1e3" prot="protected" static="no" mutable="no">
        <type>double</type>
        <definition>double rwa3::LandBasedRobot::length_</definition>
        <argsstring></argsstring>
        <name>length_</name>
        <briefdescription>
<para>Width of the base of the robot. </para>
        </briefdescription>
        <detaileddescription>
        </detaileddescription>
        <inbodydescription>
        </inbodydescription>
        <location file="D:/CC/UMD/ENPM 809Y/hws/hw3/RWA3-Group5/LandBasedRobot/LandBasedRobot.h" line="75" column="16" bodyfile="D:/CC/UMD/ENPM 809Y/hws/hw3/RWA3-Group5/LandBasedRobot/LandBasedRobot.h" bodystart="75" bodyend="-1"/>
      </memberdef>
      <memberdef kind="variable" id="classrwa3_1_1_land_based_robot_1a1187f7a4fd44450abf81a1ad76f18f72" prot="protected" static="no" mutable="no">
        <type>double</type>
        <definition>double rwa3::LandBasedRobot::height_</definition>
        <argsstring></argsstring>
        <name>height_</name>
        <briefdescription>
<para>Length of the base of the robot. </para>
        </briefdescription>
        <detaileddescription>
        </detaileddescription>
        <inbodydescription>
        </inbodydescription>
        <location file="D:/CC/UMD/ENPM 809Y/hws/hw3/RWA3-Group5/LandBasedRobot/LandBasedRobot.h" line="76" column="16" bodyfile="D:/CC/UMD/ENPM 809Y/hws/hw3/RWA3-Group5/LandBasedRobot/LandBasedRobot.h" bodystart="76" bodyend="-1"/>
      </memberdef>
      <memberdef kind="variable" id="classrwa3_1_1_land_based_robot_1aa717b15025b339a0f40f689452a97cf8" prot="protected" static="no" mutable="no">
        <type>double</type>
        <definition>double rwa3::LandBasedRobot::capacity_</definition>
        <argsstring></argsstring>
        <name>capacity_</name>
        <briefdescription>
<para>Height of the base of the robot. </para>
        </briefdescription>
        <detaileddescription>
        </detaileddescription>
        <inbodydescription>
        </inbodydescription>
        <location file="D:/CC/UMD/ENPM 809Y/hws/hw3/RWA3-Group5/LandBasedRobot/LandBasedRobot.h" line="77" column="16" bodyfile="D:/CC/UMD/ENPM 809Y/hws/hw3/RWA3-Group5/LandBasedRobot/LandBasedRobot.h" bodystart="77" bodyend="-1"/>
      </memberdef>
      <memberdef kind="variable" id="classrwa3_1_1_land_based_robot_1a832cf3ec3e8226a5dca17f2177a5730a" prot="protected" static="no" mutable="no">
        <type>int</type>
        <definition>int rwa3::LandBasedRobot::x_</definition>
        <argsstring></argsstring>
        <name>x_</name>
        <briefdescription>
<para>Payload of the arm. </para>
        </briefdescription>
        <detaileddescription>
        </detaileddescription>
        <inbodydescription>
        </inbodydescription>
        <location file="D:/CC/UMD/ENPM 809Y/hws/hw3/RWA3-Group5/LandBasedRobot/LandBasedRobot.h" line="78" column="13" bodyfile="D:/CC/UMD/ENPM 809Y/hws/hw3/RWA3-Group5/LandBasedRobot/LandBasedRobot.h" bodystart="78" bodyend="-1"/>
      </memberdef>
      <memberdef kind="variable" id="classrwa3_1_1_land_based_robot_1a2749e5dd4c77633f72eba70d269fdf59" prot="protected" static="no" mutable="no">
        <type>int</type>
        <definition>int rwa3::LandBasedRobot::y_</definition>
        <argsstring></argsstring>
        <name>y_</name>
        <briefdescription>
<para>X coordinate of the robot in the maze. </para>
        </briefdescription>
        <detaileddescription>
        </detaileddescription>
        <inbodydescription>
        </inbodydescription>
        <location file="D:/CC/UMD/ENPM 809Y/hws/hw3/RWA3-Group5/LandBasedRobot/LandBasedRobot.h" line="79" column="13" bodyfile="D:/CC/UMD/ENPM 809Y/hws/hw3/RWA3-Group5/LandBasedRobot/LandBasedRobot.h" bodystart="79" bodyend="-1"/>
      </memberdef>
      </sectiondef>
      <sectiondef kind="public-func">
      <memberdef kind="function" id="classrwa3_1_1_land_based_robot_1a21e329a67692e76d3e6609fc1509e863" prot="public" static="no" const="no" explicit="no" inline="yes" virt="non-virtual">
        <type></type>
        <definition>rwa3::LandBasedRobot::LandBasedRobot</definition>
        <argsstring>(std::string name, int x, int y, double speed, double width, double length, double height, double capacity)</argsstring>
        <name>LandBasedRobot</name>
        <param>
          <type>std::string</type>
          <declname>name</declname>
        </param>
        <param>
          <type>int</type>
          <declname>x</declname>
        </param>
        <param>
          <type>int</type>
          <declname>y</declname>
        </param>
        <param>
          <type>double</type>
          <declname>speed</declname>
        </param>
        <param>
          <type>double</type>
          <declname>width</declname>
        </param>
        <param>
          <type>double</type>
          <declname>length</declname>
        </param>
        <param>
          <type>double</type>
          <declname>height</declname>
        </param>
        <param>
          <type>double</type>
          <declname>capacity</declname>
        </param>
        <briefdescription>
<para>abstract class </para>
        </briefdescription>
        <detaileddescription>
<para>Default constructor. <parameterlist kind="param"><parameteritem>
<parameternamelist>
<parametername>name</parametername>
</parameternamelist>
<parameterdescription>
<para>- Name of the robot. </para>
</parameterdescription>
</parameteritem>
<parameteritem>
<parameternamelist>
<parametername>x</parametername>
</parameternamelist>
<parameterdescription>
<para>- X coordinate of the robot in the maze. </para>
</parameterdescription>
</parameteritem>
<parameteritem>
<parameternamelist>
<parametername>y</parametername>
</parameternamelist>
<parameterdescription>
<para>- Y coordinate of the robot in the maze. Default constructor. </para>
</parameterdescription>
</parameteritem>
<parameteritem>
<parameternamelist>
<parametername>name</parametername>
</parameternamelist>
<parameterdescription>
<para>- Name of the robot. </para>
</parameterdescription>
</parameteritem>
<parameteritem>
<parameternamelist>
<parametername>x</parametername>
</parameternamelist>
<parameterdescription>
<para>- X coordinate of the robot in the maze. </para>
</parameterdescription>
</parameteritem>
<parameteritem>
<parameternamelist>
<parametername>y</parametername>
</parameternamelist>
<parameterdescription>
<para>- Y coordinate of the robot in the maze. </para>
</parameterdescription>
</parameteritem>
<parameteritem>
<parameternamelist>
<parametername>speed</parametername>
</parameternamelist>
<parameterdescription>
<para>- Driving speed of the robot. </para>
</parameterdescription>
</parameteritem>
<parameteritem>
<parameternamelist>
<parametername>width</parametername>
</parameternamelist>
<parameterdescription>
<para>- Width of the base of the robot. </para>
</parameterdescription>
</parameteritem>
<parameteritem>
<parameternamelist>
<parametername>length</parametername>
</parameternamelist>
<parameterdescription>
<para>- Length of the base of the robot. </para>
</parameterdescription>
</parameteritem>
<parameteritem>
<parameternamelist>
<parametername>height</parametername>
</parameternamelist>
<parameterdescription>
<para>- Height of the base of the robot. </para>
</parameterdescription>
</parameteritem>
<parameteritem>
<parameternamelist>
<parametername>capacity</parametername>
</parameternamelist>
<parameterdescription>
<para>- Payload of the arm. </para>
</parameterdescription>
</parameteritem>
</parameterlist>
</para>
        </detaileddescription>
        <inbodydescription>
        </inbodydescription>
        <location file="D:/CC/UMD/ENPM 809Y/hws/hw3/RWA3-Group5/LandBasedRobot/LandBasedRobot.h" line="25" column="9" bodyfile="D:/CC/UMD/ENPM 809Y/hws/hw3/RWA3-Group5/LandBasedRobot/LandBasedRobot.h" bodystart="25" bodyend="25"/>
      </memberdef>
      <memberdef kind="function" id="classrwa3_1_1_land_based_robot_1ac57e1fa6a06533403765c3ca0a7fc2d6" prot="public" static="no" const="no" explicit="no" inline="yes" virt="virtual">
        <type></type>
        <definition>virtual rwa3::LandBasedRobot::~LandBasedRobot</definition>
        <argsstring>()</argsstring>
        <name>~LandBasedRobot</name>
        <briefdescription>
        </briefdescription>
        <detaileddescription>
        </detaileddescription>
        <inbodydescription>
        </inbodydescription>
        <location file="D:/CC/UMD/ENPM 809Y/hws/hw3/RWA3-Group5/LandBasedRobot/LandBasedRobot.h" line="26" column="17" bodyfile="D:/CC/UMD/ENPM 809Y/hws/hw3/RWA3-Group5/LandBasedRobot/LandBasedRobot.h" bodystart="26" bodyend="28"/>
      </memberdef>
      <memberdef kind="function" id="classrwa3_1_1_land_based_robot_1a87de88f6c095382d4ab06ef2b3ee58fc" prot="public" static="no" const="no" explicit="no" inline="no" virt="virtual">
        <type>void</type>
        <definition>void rwa3::LandBasedRobot::GoUp</definition>
        <argsstring>(int x_, int y_)</argsstring>
        <name>GoUp</name>
        <reimplementedby refid="classrwa3_1_1_land_based_tracked_1ad4f114f7bc03517871911f760cf2c146">GoUp</reimplementedby>
        <reimplementedby refid="classrwa3_1_1_land_based_wheeled_1a8fe7d7b2c49968a7b67349162a0c0dd7">GoUp</reimplementedby>
        <param>
          <type>int</type>
          <declname>x_</declname>
        </param>
        <param>
          <type>int</type>
          <declname>y_</declname>
        </param>
        <briefdescription>
        </briefdescription>
        <detaileddescription>
<para>member function Move the robot up in the maze. <parameterlist kind="param"><parameteritem>
<parameternamelist>
<parametername>x_</parametername>
</parameternamelist>
<parameterdescription>
<para>- </para>
</parameterdescription>
</parameteritem>
<parameteritem>
<parameternamelist>
<parametername>y_</parametername>
</parameternamelist>
<parameterdescription>
<para>- </para>
</parameterdescription>
</parameteritem>
</parameterlist>
</para>
        </detaileddescription>
        <inbodydescription>
        </inbodydescription>
        <location file="D:/CC/UMD/ENPM 809Y/hws/hw3/RWA3-Group5/LandBasedRobot/LandBasedRobot.h" line="34" column="22" bodyfile="D:/CC/UMD/ENPM 809Y/hws/hw3/RWA3-Group5/LandBasedRobot/LandBasedRobot.cpp" bodystart="6" bodyend="8"/>
      </memberdef>
      <memberdef kind="function" id="classrwa3_1_1_land_based_robot_1a624ec9ae053d3780528f6e81375d925f" prot="public" static="no" const="no" explicit="no" inline="no" virt="virtual">
        <type>void</type>
        <definition>void rwa3::LandBasedRobot::GoDown</definition>
        <argsstring>(int x_, int y_)</argsstring>
        <name>GoDown</name>
        <reimplementedby refid="classrwa3_1_1_land_based_tracked_1a32d6139dab0fef719ccc31871586b9af">GoDown</reimplementedby>
        <reimplementedby refid="classrwa3_1_1_land_based_wheeled_1ae1c0643dcbadbb1e1168085b905950c3">GoDown</reimplementedby>
        <param>
          <type>int</type>
          <declname>x_</declname>
        </param>
        <param>
          <type>int</type>
          <declname>y_</declname>
        </param>
        <briefdescription>
        </briefdescription>
        <detaileddescription>
<para>Move the robot down in the maze. <parameterlist kind="param"><parameteritem>
<parameternamelist>
<parametername>x_</parametername>
</parameternamelist>
<parameterdescription>
<para>- </para>
</parameterdescription>
</parameteritem>
<parameteritem>
<parameternamelist>
<parametername>y_</parametername>
</parameternamelist>
<parameterdescription>
<para>- </para>
</parameterdescription>
</parameteritem>
</parameterlist>
</para>
        </detaileddescription>
        <inbodydescription>
        </inbodydescription>
        <location file="D:/CC/UMD/ENPM 809Y/hws/hw3/RWA3-Group5/LandBasedRobot/LandBasedRobot.h" line="38" column="22" bodyfile="D:/CC/UMD/ENPM 809Y/hws/hw3/RWA3-Group5/LandBasedRobot/LandBasedRobot.cpp" bodystart="10" bodyend="12"/>
      </memberdef>
      <memberdef kind="function" id="classrwa3_1_1_land_based_robot_1aed30ef4c5b6b89a4f41c10ec17a66c18" prot="public" static="no" const="no" explicit="no" inline="no" virt="virtual">
        <type>void</type>
        <definition>void rwa3::LandBasedRobot::TurnLeft</definition>
        <argsstring>(int x_, int y_)</argsstring>
        <name>TurnLeft</name>
        <reimplementedby refid="classrwa3_1_1_land_based_tracked_1a8c7a8b433db1cb18c0f720c89dd51d8b">TurnLeft</reimplementedby>
        <reimplementedby refid="classrwa3_1_1_land_based_wheeled_1a2fc50dcf0970b7e48dc234205ceb149e">TurnLeft</reimplementedby>
        <param>
          <type>int</type>
          <declname>x_</declname>
        </param>
        <param>
          <type>int</type>
          <declname>y_</declname>
        </param>
        <briefdescription>
        </briefdescription>
        <detaileddescription>
<para>Move the robot left in the maze. <parameterlist kind="param"><parameteritem>
<parameternamelist>
<parametername>x_</parametername>
</parameternamelist>
<parameterdescription>
<para>- </para>
</parameterdescription>
</parameteritem>
<parameteritem>
<parameternamelist>
<parametername>y_</parametername>
</parameternamelist>
<parameterdescription>
<para>- </para>
</parameterdescription>
</parameteritem>
</parameterlist>
</para>
        </detaileddescription>
        <inbodydescription>
        </inbodydescription>
        <location file="D:/CC/UMD/ENPM 809Y/hws/hw3/RWA3-Group5/LandBasedRobot/LandBasedRobot.h" line="42" column="22" bodyfile="D:/CC/UMD/ENPM 809Y/hws/hw3/RWA3-Group5/LandBasedRobot/LandBasedRobot.cpp" bodystart="14" bodyend="16"/>
      </memberdef>
      <memberdef kind="function" id="classrwa3_1_1_land_based_robot_1a8940a74cbdd0eabba937b18797a6dba1" prot="public" static="no" const="no" explicit="no" inline="no" virt="virtual">
        <type>void</type>
        <definition>void rwa3::LandBasedRobot::TurnRight</definition>
        <argsstring>(int x_, int y_)</argsstring>
        <name>TurnRight</name>
        <reimplementedby refid="classrwa3_1_1_land_based_tracked_1a7f7aad91e76d11f634d61ddd34c3cb9d">TurnRight</reimplementedby>
        <reimplementedby refid="classrwa3_1_1_land_based_wheeled_1ab795b7fb2489990db212ca6d3bdf3c0e">TurnRight</reimplementedby>
        <param>
          <type>int</type>
          <declname>x_</declname>
        </param>
        <param>
          <type>int</type>
          <declname>y_</declname>
        </param>
        <briefdescription>
        </briefdescription>
        <detaileddescription>
<para>Move the robot right in the maze. <parameterlist kind="param"><parameteritem>
<parameternamelist>
<parametername>x_</parametername>
</parameternamelist>
<parameterdescription>
<para>- </para>
</parameterdescription>
</parameteritem>
<parameteritem>
<parameternamelist>
<parametername>y_</parametername>
</parameternamelist>
<parameterdescription>
<para>- </para>
</parameterdescription>
</parameteritem>
</parameterlist>
</para>
        </detaileddescription>
        <inbodydescription>
        </inbodydescription>
        <location file="D:/CC/UMD/ENPM 809Y/hws/hw3/RWA3-Group5/LandBasedRobot/LandBasedRobot.h" line="46" column="22" bodyfile="D:/CC/UMD/ENPM 809Y/hws/hw3/RWA3-Group5/LandBasedRobot/LandBasedRobot.cpp" bodystart="17" bodyend="19"/>
      </memberdef>
      <memberdef kind="function" id="classrwa3_1_1_land_based_robot_1a5bcf547d74111438d076c53366c7c81e" prot="public" static="no" const="no" explicit="no" inline="no" virt="virtual">
        <type>void</type>
        <definition>void rwa3::LandBasedRobot::PickUp</definition>
        <argsstring>(std::string target)</argsstring>
        <name>PickUp</name>
        <reimplementedby refid="classrwa3_1_1_land_based_tracked_1a0663df298d4783e1e396367fe98cb2e1">PickUp</reimplementedby>
        <reimplementedby refid="classrwa3_1_1_land_based_wheeled_1ad39a840a0eae56064e1f84d9219fa407">PickUp</reimplementedby>
        <param>
          <type>std::string</type>
          <declname>target</declname>
        </param>
        <briefdescription>
        </briefdescription>
        <detaileddescription>
<para>Arm picks up an object. <parameterlist kind="param"><parameteritem>
<parameternamelist>
<parametername>target</parametername>
</parameternamelist>
<parameterdescription>
<para>- </para>
</parameterdescription>
</parameteritem>
</parameterlist>
</para>
        </detaileddescription>
        <inbodydescription>
        </inbodydescription>
        <location file="D:/CC/UMD/ENPM 809Y/hws/hw3/RWA3-Group5/LandBasedRobot/LandBasedRobot.h" line="49" column="22" bodyfile="D:/CC/UMD/ENPM 809Y/hws/hw3/RWA3-Group5/LandBasedRobot/LandBasedRobot.cpp" bodystart="20" bodyend="22"/>
      </memberdef>
      <memberdef kind="function" id="classrwa3_1_1_land_based_robot_1aacf511569351683d81b42917a22851bd" prot="public" static="no" const="no" explicit="no" inline="no" virt="virtual">
        <type>void</type>
        <definition>void rwa3::LandBasedRobot::Release</definition>
        <argsstring>(std::string target)</argsstring>
        <name>Release</name>
        <reimplementedby refid="classrwa3_1_1_land_based_tracked_1ab2ad2cc189be974f709302eed721694d">Release</reimplementedby>
        <reimplementedby refid="classrwa3_1_1_land_based_wheeled_1a4a8a3bf03ccf577533f3915437a8ab03">Release</reimplementedby>
        <param>
          <type>std::string</type>
          <declname>target</declname>
        </param>
        <briefdescription>
        </briefdescription>
        <detaileddescription>
<para>Arm releases an object. <parameterlist kind="param"><parameteritem>
<parameternamelist>
<parametername>target</parametername>
</parameternamelist>
<parameterdescription>
<para>- </para>
</parameterdescription>
</parameteritem>
</parameterlist>
</para>
        </detaileddescription>
        <inbodydescription>
        </inbodydescription>
        <location file="D:/CC/UMD/ENPM 809Y/hws/hw3/RWA3-Group5/LandBasedRobot/LandBasedRobot.h" line="52" column="22" bodyfile="D:/CC/UMD/ENPM 809Y/hws/hw3/RWA3-Group5/LandBasedRobot/LandBasedRobot.cpp" bodystart="24" bodyend="26"/>
      </memberdef>
      <memberdef kind="function" id="classrwa3_1_1_land_based_robot_1a7769a08e59150e9f63991c6614a94c4d" prot="public" static="no" const="yes" explicit="no" inline="yes" virt="non-virtual">
        <type>int</type>
        <definition>int rwa3::LandBasedRobot::get_x</definition>
        <argsstring>() const</argsstring>
        <name>get_x</name>
        <briefdescription>
        </briefdescription>
        <detaileddescription>
<para><ndash/>accessor or getter accessor of x coordinate <simplesect kind="return"><para>X coordinate of the robot in the maze. </para>
</simplesect>
</para>
        </detaileddescription>
        <inbodydescription>
        </inbodydescription>
        <location file="D:/CC/UMD/ENPM 809Y/hws/hw3/RWA3-Group5/LandBasedRobot/LandBasedRobot.h" line="57" column="13" bodyfile="D:/CC/UMD/ENPM 809Y/hws/hw3/RWA3-Group5/LandBasedRobot/LandBasedRobot.h" bodystart="57" bodyend="59"/>
      </memberdef>
      <memberdef kind="function" id="classrwa3_1_1_land_based_robot_1a79a92d6e6eab95cd5f129ecc0e854116" prot="public" static="no" const="yes" explicit="no" inline="yes" virt="non-virtual">
        <type>int</type>
        <definition>int rwa3::LandBasedRobot::get_y</definition>
        <argsstring>() const</argsstring>
        <name>get_y</name>
        <briefdescription>
        </briefdescription>
        <detaileddescription>
<para>accessor of y coordinate <simplesect kind="return"><para>Y coordinate of the robot in the maze. </para>
</simplesect>
</para>
        </detaileddescription>
        <inbodydescription>
        </inbodydescription>
        <location file="D:/CC/UMD/ENPM 809Y/hws/hw3/RWA3-Group5/LandBasedRobot/LandBasedRobot.h" line="62" column="13" bodyfile="D:/CC/UMD/ENPM 809Y/hws/hw3/RWA3-Group5/LandBasedRobot/LandBasedRobot.h" bodystart="62" bodyend="64"/>
      </memberdef>
      <memberdef kind="function" id="classrwa3_1_1_land_based_robot_1a2556d75eaa014c288df274c1a9eebf7e" prot="public" static="no" const="yes" explicit="no" inline="yes" virt="non-virtual">
        <type>std::string</type>
        <definition>std::string rwa3::LandBasedRobot::getName</definition>
        <argsstring>() const</argsstring>
        <name>getName</name>
        <briefdescription>
        </briefdescription>
        <detaileddescription>
<para>accessor of robot name <simplesect kind="return"><para>Name of the robot. </para>
</simplesect>
</para>
        </detaileddescription>
        <inbodydescription>
        </inbodydescription>
        <location file="D:/CC/UMD/ENPM 809Y/hws/hw3/RWA3-Group5/LandBasedRobot/LandBasedRobot.h" line="67" column="21" bodyfile="D:/CC/UMD/ENPM 809Y/hws/hw3/RWA3-Group5/LandBasedRobot/LandBasedRobot.h" bodystart="67" bodyend="69"/>
      </memberdef>
      </sectiondef>
    <briefdescription>
    </briefdescription>
    <detaileddescription>
    </detaileddescription>
    <inheritancegraph>
      <node id="2">
        <label>rwa3::LandBasedTracked</label>
        <link refid="classrwa3_1_1_land_based_tracked"/>
        <childnode refid="1" relation="public-inheritance">
        </childnode>
      </node>
      <node id="1">
        <label>rwa3::LandBasedRobot</label>
        <link refid="classrwa3_1_1_land_based_robot"/>
      </node>
      <node id="3">
        <label>rwa3::LandBasedWheeled</label>
        <link refid="classrwa3_1_1_land_based_wheeled"/>
        <childnode refid="1" relation="public-inheritance">
        </childnode>
      </node>
    </inheritancegraph>
    <location file="D:/CC/UMD/ENPM 809Y/hws/hw3/RWA3-Group5/LandBasedRobot/LandBasedRobot.h" line="10" column="5" bodyfile="D:/CC/UMD/ENPM 809Y/hws/hw3/RWA3-Group5/LandBasedRobot/LandBasedRobot.h" bodystart="10" bodyend="80"/>
    <listofallmembers>
      <member refid="classrwa3_1_1_land_based_robot_1aa717b15025b339a0f40f689452a97cf8" prot="protected" virt="non-virtual"><scope>rwa3::LandBasedRobot</scope><name>capacity_</name></member>
      <member refid="classrwa3_1_1_land_based_robot_1a7769a08e59150e9f63991c6614a94c4d" prot="public" virt="non-virtual"><scope>rwa3::LandBasedRobot</scope><name>get_x</name></member>
      <member refid="classrwa3_1_1_land_based_robot_1a79a92d6e6eab95cd5f129ecc0e854116" prot="public" virt="non-virtual"><scope>rwa3::LandBasedRobot</scope><name>get_y</name></member>
      <member refid="classrwa3_1_1_land_based_robot_1a2556d75eaa014c288df274c1a9eebf7e" prot="public" virt="non-virtual"><scope>rwa3::LandBasedRobot</scope><name>getName</name></member>
      <member refid="classrwa3_1_1_land_based_robot_1a624ec9ae053d3780528f6e81375d925f" prot="public" virt="virtual"><scope>rwa3::LandBasedRobot</scope><name>GoDown</name></member>
      <member refid="classrwa3_1_1_land_based_robot_1a87de88f6c095382d4ab06ef2b3ee58fc" prot="public" virt="virtual"><scope>rwa3::LandBasedRobot</scope><name>GoUp</name></member>
      <member refid="classrwa3_1_1_land_based_robot_1a1187f7a4fd44450abf81a1ad76f18f72" prot="protected" virt="non-virtual"><scope>rwa3::LandBasedRobot</scope><name>height_</name></member>
      <member refid="classrwa3_1_1_land_based_robot_1a21e329a67692e76d3e6609fc1509e863" prot="public" virt="non-virtual"><scope>rwa3::LandBasedRobot</scope><name>LandBasedRobot</name></member>
      <member refid="classrwa3_1_1_land_based_robot_1ac4b3cde4702d4ea866f503eedf6ea1e3" prot="protected" virt="non-virtual"><scope>rwa3::LandBasedRobot</scope><name>length_</name></member>
      <member refid="classrwa3_1_1_land_based_robot_1af41338d7f38b2a75174886990d8ece1e" prot="protected" virt="non-virtual"><scope>rwa3::LandBasedRobot</scope><name>name_</name></member>
      <member refid="classrwa3_1_1_land_based_robot_1a5bcf547d74111438d076c53366c7c81e" prot="public" virt="virtual"><scope>rwa3::LandBasedRobot</scope><name>PickUp</name></member>
      <member refid="classrwa3_1_1_land_based_robot_1aacf511569351683d81b42917a22851bd" prot="public" virt="virtual"><scope>rwa3::LandBasedRobot</scope><name>Release</name></member>
      <member refid="classrwa3_1_1_land_based_robot_1ad9831c30393edcd779041734db24d819" prot="protected" virt="non-virtual"><scope>rwa3::LandBasedRobot</scope><name>speed_</name></member>
      <member refid="classrwa3_1_1_land_based_robot_1aed30ef4c5b6b89a4f41c10ec17a66c18" prot="public" virt="virtual"><scope>rwa3::LandBasedRobot</scope><name>TurnLeft</name></member>
      <member refid="classrwa3_1_1_land_based_robot_1a8940a74cbdd0eabba937b18797a6dba1" prot="public" virt="virtual"><scope>rwa3::LandBasedRobot</scope><name>TurnRight</name></member>
      <member refid="classrwa3_1_1_land_based_robot_1a04a444830f3ad0c0d78d206e0d598bbb" prot="protected" virt="non-virtual"><scope>rwa3::LandBasedRobot</scope><name>width_</name></member>
      <member refid="classrwa3_1_1_land_based_robot_1a832cf3ec3e8226a5dca17f2177a5730a" prot="protected" virt="non-virtual"><scope>rwa3::LandBasedRobot</scope><name>x_</name></member>
      <member refid="classrwa3_1_1_land_based_robot_1a2749e5dd4c77633f72eba70d269fdf59" prot="protected" virt="non-virtual"><scope>rwa3::LandBasedRobot</scope><name>y_</name></member>
      <member refid="classrwa3_1_1_land_based_robot_1ac57e1fa6a06533403765c3ca0a7fc2d6" prot="public" virt="virtual"><scope>rwa3::LandBasedRobot</scope><name>~LandBasedRobot</name></member>
    </listofallmembers>
  </compounddef>
</doxygen>
