<?xml version='1.0' encoding='UTF-8' standalone='no'?>
<doxygen xmlns:xsi="http://www.w3.org/2001/XMLSchema-instance" xsi:noNamespaceSchemaLocation="compound.xsd" version="1.8.18">
  <compounddef id="classrwa3_1_1_land_based_tracked" kind="class" language="C++" prot="public">
    <compoundname>rwa3::LandBasedTracked</compoundname>
    <basecompoundref refid="classrwa3_1_1_land_based_robot" prot="public" virt="non-virtual">rwa3::LandBasedRobot</basecompoundref>
    <includes refid="_land_based_tracked_8h" local="no">LandBasedTracked.h</includes>
      <sectiondef kind="protected-attrib">
      <memberdef kind="variable" id="classrwa3_1_1_land_based_tracked_1ae57d4a2861a045e2f0cc0da1e43868ed" prot="protected" static="no" mutable="no">
        <type>std::shared_ptr&lt; std::string &gt;</type>
        <definition>std::shared_ptr&lt;std::string&gt; rwa3::LandBasedTracked::track_type</definition>
        <argsstring></argsstring>
        <name>track_type</name>
        <briefdescription>
        </briefdescription>
        <detaileddescription>
        </detaileddescription>
        <inbodydescription>
        </inbodydescription>
        <location file="D:/CC/UMD/ENPM 809Y/hws/hw3/RWA3-Group5/LandBasedWheeled/LandBasedTracked.h" line="56" column="25" bodyfile="D:/CC/UMD/ENPM 809Y/hws/hw3/RWA3-Group5/LandBasedWheeled/LandBasedTracked.h" bodystart="56" bodyend="-1"/>
      </memberdef>
      </sectiondef>
      <sectiondef kind="public-func">
      <memberdef kind="function" id="classrwa3_1_1_land_based_tracked_1a38016e5d3e85eb187a1792d98b02fbb6" prot="public" static="no" const="no" explicit="no" inline="yes" virt="non-virtual">
        <type></type>
        <definition>rwa3::LandBasedTracked::LandBasedTracked</definition>
        <argsstring>(std::string name=&quot;UnknownLandBasedTracked&quot;, int x=0, int y=0, std::shared_ptr&lt; std::string &gt; track_type=nullptr, double speed=0.0, double width=1.0, double length=1.0, double height=1.0, double capacity=1.0)</argsstring>
        <name>LandBasedTracked</name>
        <param>
          <type>std::string</type>
          <declname>name</declname>
          <defval>&quot;UnknownLandBasedTracked&quot;</defval>
        </param>
        <param>
          <type>int</type>
          <declname>x</declname>
          <defval>0</defval>
        </param>
        <param>
          <type>int</type>
          <declname>y</declname>
          <defval>0</defval>
        </param>
        <param>
          <type>std::shared_ptr&lt; std::string &gt;</type>
          <declname>track_type</declname>
          <defval>nullptr</defval>
        </param>
        <param>
          <type>double</type>
          <declname>speed</declname>
          <defval>0.0</defval>
        </param>
        <param>
          <type>double</type>
          <declname>width</declname>
          <defval>1.0</defval>
        </param>
        <param>
          <type>double</type>
          <declname>length</declname>
          <defval>1.0</defval>
        </param>
        <param>
          <type>double</type>
          <declname>height</declname>
          <defval>1.0</defval>
        </param>
        <param>
          <type>double</type>
          <declname>capacity</declname>
          <defval>1.0</defval>
        </param>
        <briefdescription>
        </briefdescription>
        <detaileddescription>
<para>Basic constructor <parameterlist kind="param"><parameteritem>
<parameternamelist>
<parametername>name</parametername>
</parameternamelist>
<parameterdescription>
<para>- Name of the robot. </para>
</parameterdescription>
</parameteritem>
<parameteritem>
<parameternamelist>
<parametername>x</parametername>
</parameternamelist>
<parameterdescription>
<para>- X coordinate of the robot in the maze </para>
</parameterdescription>
</parameteritem>
<parameteritem>
<parameternamelist>
<parametername>y</parametername>
</parameternamelist>
<parameterdescription>
<para>- Y coordinate of the robot in the maze </para>
</parameterdescription>
</parameteritem>
<parameteritem>
<parameternamelist>
<parametername>track_type</parametername>
</parameternamelist>
<parameterdescription>
<para>- Type of track mounted on the robot. </para>
</parameterdescription>
</parameteritem>
<parameteritem>
<parameternamelist>
<parametername>speed</parametername>
</parameternamelist>
<parameterdescription>
<para>- Driving speed of the robot. </para>
</parameterdescription>
</parameteritem>
<parameteritem>
<parameternamelist>
<parametername>width</parametername>
</parameternamelist>
<parameterdescription>
<para>- Width of the base of the robot. </para>
</parameterdescription>
</parameteritem>
<parameteritem>
<parameternamelist>
<parametername>length</parametername>
</parameternamelist>
<parameterdescription>
<para>- Length of the base of the robot. </para>
</parameterdescription>
</parameteritem>
<parameteritem>
<parameternamelist>
<parametername>height</parametername>
</parameternamelist>
<parameterdescription>
<para>- Height of the base of the robot. </para>
</parameterdescription>
</parameteritem>
<parameteritem>
<parameternamelist>
<parametername>capacity</parametername>
</parameternamelist>
<parameterdescription>
<para>- Payload of the arm. </para>
</parameterdescription>
</parameteritem>
</parameterlist>
</para>
        </detaileddescription>
        <inbodydescription>
        </inbodydescription>
        <location file="D:/CC/UMD/ENPM 809Y/hws/hw3/RWA3-Group5/LandBasedWheeled/LandBasedTracked.h" line="22" column="9" bodyfile="D:/CC/UMD/ENPM 809Y/hws/hw3/RWA3-Group5/LandBasedWheeled/LandBasedTracked.h" bodystart="22" bodyend="22"/>
      </memberdef>
      <memberdef kind="function" id="classrwa3_1_1_land_based_tracked_1ad6a1076822b4624bbd0643294e36e298" prot="public" static="no" const="no" explicit="no" inline="yes" virt="non-virtual">
        <type></type>
        <definition>rwa3::LandBasedTracked::LandBasedTracked</definition>
        <argsstring>(const LandBasedTracked &amp;source)</argsstring>
        <name>LandBasedTracked</name>
        <param>
          <type>const <ref refid="classrwa3_1_1_land_based_tracked" kindref="compound">LandBasedTracked</ref> &amp;</type>
          <declname>source</declname>
        </param>
        <briefdescription>
        </briefdescription>
        <detaileddescription>
<para>deep copy constructor <parameterlist kind="param"><parameteritem>
<parameternamelist>
<parametername>source</parametername>
</parameternamelist>
<parameterdescription>
<para>- the <ref refid="classrwa3_1_1_land_based_tracked" kindref="compound">LandBasedTracked</ref> object being copied </para>
</parameterdescription>
</parameteritem>
</parameterlist>
<simplesect kind="return"><para>- a deep copy of <ref refid="classrwa3_1_1_land_based_tracked" kindref="compound">LandBasedTracked</ref> object </para>
</simplesect>
</para>
        </detaileddescription>
        <inbodydescription>
        </inbodydescription>
        <location file="D:/CC/UMD/ENPM 809Y/hws/hw3/RWA3-Group5/LandBasedWheeled/LandBasedTracked.h" line="26" column="9" bodyfile="D:/CC/UMD/ENPM 809Y/hws/hw3/RWA3-Group5/LandBasedWheeled/LandBasedTracked.h" bodystart="26" bodyend="26"/>
      </memberdef>
      <memberdef kind="function" id="classrwa3_1_1_land_based_tracked_1a018639eac0eabfcf86fc2b48e0b6df83" prot="public" static="no" const="no" explicit="no" inline="yes" virt="virtual">
        <type></type>
        <definition>virtual rwa3::LandBasedTracked::~LandBasedTracked</definition>
        <argsstring>()</argsstring>
        <name>~LandBasedTracked</name>
        <briefdescription>
        </briefdescription>
        <detaileddescription>
        </detaileddescription>
        <inbodydescription>
        </inbodydescription>
        <location file="D:/CC/UMD/ENPM 809Y/hws/hw3/RWA3-Group5/LandBasedWheeled/LandBasedTracked.h" line="27" column="17" bodyfile="D:/CC/UMD/ENPM 809Y/hws/hw3/RWA3-Group5/LandBasedWheeled/LandBasedTracked.h" bodystart="27" bodyend="29"/>
      </memberdef>
      <memberdef kind="function" id="classrwa3_1_1_land_based_tracked_1ad4f114f7bc03517871911f760cf2c146" prot="public" static="no" const="no" explicit="no" inline="no" virt="virtual">
        <type>void</type>
        <definition>void rwa3::LandBasedTracked::GoUp</definition>
        <argsstring>(int x_, int y_) override</argsstring>
        <name>GoUp</name>
        <reimplements refid="classrwa3_1_1_land_based_robot_1a87de88f6c095382d4ab06ef2b3ee58fc">GoUp</reimplements>
        <param>
          <type>int</type>
          <declname>x_</declname>
        </param>
        <param>
          <type>int</type>
          <declname>y_</declname>
        </param>
        <briefdescription>
        </briefdescription>
        <detaileddescription>
<para>member function Move the robot up in the maze. <parameterlist kind="param"><parameteritem>
<parameternamelist>
<parametername>x_</parametername>
</parameternamelist>
<parameterdescription>
<para>- </para>
</parameterdescription>
</parameteritem>
<parameteritem>
<parameternamelist>
<parametername>y_</parametername>
</parameternamelist>
<parameterdescription>
<para>- </para>
</parameterdescription>
</parameteritem>
</parameterlist>
</para>
        </detaileddescription>
        <inbodydescription>
        </inbodydescription>
        <location file="D:/CC/UMD/ENPM 809Y/hws/hw3/RWA3-Group5/LandBasedWheeled/LandBasedTracked.h" line="35" column="14" bodyfile="D:/CC/UMD/ENPM 809Y/hws/hw3/RWA3-Group5/LandBasedWheeled/LandBasedTracked.cpp" bodystart="6" bodyend="8"/>
      </memberdef>
      <memberdef kind="function" id="classrwa3_1_1_land_based_tracked_1a32d6139dab0fef719ccc31871586b9af" prot="public" static="no" const="no" explicit="no" inline="no" virt="virtual">
        <type>void</type>
        <definition>void rwa3::LandBasedTracked::GoDown</definition>
        <argsstring>(int x_, int y_) override</argsstring>
        <name>GoDown</name>
        <reimplements refid="classrwa3_1_1_land_based_robot_1a624ec9ae053d3780528f6e81375d925f">GoDown</reimplements>
        <param>
          <type>int</type>
          <declname>x_</declname>
        </param>
        <param>
          <type>int</type>
          <declname>y_</declname>
        </param>
        <briefdescription>
        </briefdescription>
        <detaileddescription>
<para>Move the robot down in the maze. <parameterlist kind="param"><parameteritem>
<parameternamelist>
<parametername>x_</parametername>
</parameternamelist>
<parameterdescription>
<para>- </para>
</parameterdescription>
</parameteritem>
<parameteritem>
<parameternamelist>
<parametername>y_</parametername>
</parameternamelist>
<parameterdescription>
<para>- </para>
</parameterdescription>
</parameteritem>
</parameterlist>
</para>
        </detaileddescription>
        <inbodydescription>
        </inbodydescription>
        <location file="D:/CC/UMD/ENPM 809Y/hws/hw3/RWA3-Group5/LandBasedWheeled/LandBasedTracked.h" line="39" column="14" bodyfile="D:/CC/UMD/ENPM 809Y/hws/hw3/RWA3-Group5/LandBasedWheeled/LandBasedTracked.cpp" bodystart="10" bodyend="12"/>
      </memberdef>
      <memberdef kind="function" id="classrwa3_1_1_land_based_tracked_1a8c7a8b433db1cb18c0f720c89dd51d8b" prot="public" static="no" const="no" explicit="no" inline="no" virt="virtual">
        <type>void</type>
        <definition>void rwa3::LandBasedTracked::TurnLeft</definition>
        <argsstring>(int x_, int y_) override</argsstring>
        <name>TurnLeft</name>
        <reimplements refid="classrwa3_1_1_land_based_robot_1aed30ef4c5b6b89a4f41c10ec17a66c18">TurnLeft</reimplements>
        <param>
          <type>int</type>
          <declname>x_</declname>
        </param>
        <param>
          <type>int</type>
          <declname>y_</declname>
        </param>
        <briefdescription>
        </briefdescription>
        <detaileddescription>
<para>Move the robot left in the maze. <parameterlist kind="param"><parameteritem>
<parameternamelist>
<parametername>x_</parametername>
</parameternamelist>
<parameterdescription>
<para>- </para>
</parameterdescription>
</parameteritem>
<parameteritem>
<parameternamelist>
<parametername>y_</parametername>
</parameternamelist>
<parameterdescription>
<para>- </para>
</parameterdescription>
</parameteritem>
</parameterlist>
</para>
        </detaileddescription>
        <inbodydescription>
        </inbodydescription>
        <location file="D:/CC/UMD/ENPM 809Y/hws/hw3/RWA3-Group5/LandBasedWheeled/LandBasedTracked.h" line="43" column="14" bodyfile="D:/CC/UMD/ENPM 809Y/hws/hw3/RWA3-Group5/LandBasedWheeled/LandBasedTracked.cpp" bodystart="14" bodyend="16"/>
      </memberdef>
      <memberdef kind="function" id="classrwa3_1_1_land_based_tracked_1a7f7aad91e76d11f634d61ddd34c3cb9d" prot="public" static="no" const="no" explicit="no" inline="no" virt="virtual">
        <type>void</type>
        <definition>void rwa3::LandBasedTracked::TurnRight</definition>
        <argsstring>(int x_, int y_) override</argsstring>
        <name>TurnRight</name>
        <reimplements refid="classrwa3_1_1_land_based_robot_1a8940a74cbdd0eabba937b18797a6dba1">TurnRight</reimplements>
        <param>
          <type>int</type>
          <declname>x_</declname>
        </param>
        <param>
          <type>int</type>
          <declname>y_</declname>
        </param>
        <briefdescription>
        </briefdescription>
        <detaileddescription>
<para>Move the robot right in the maze. <parameterlist kind="param"><parameteritem>
<parameternamelist>
<parametername>x_</parametername>
</parameternamelist>
<parameterdescription>
<para>- </para>
</parameterdescription>
</parameteritem>
<parameteritem>
<parameternamelist>
<parametername>y_</parametername>
</parameternamelist>
<parameterdescription>
<para>- </para>
</parameterdescription>
</parameteritem>
</parameterlist>
</para>
        </detaileddescription>
        <inbodydescription>
        </inbodydescription>
        <location file="D:/CC/UMD/ENPM 809Y/hws/hw3/RWA3-Group5/LandBasedWheeled/LandBasedTracked.h" line="47" column="14" bodyfile="D:/CC/UMD/ENPM 809Y/hws/hw3/RWA3-Group5/LandBasedWheeled/LandBasedTracked.cpp" bodystart="18" bodyend="20"/>
      </memberdef>
      <memberdef kind="function" id="classrwa3_1_1_land_based_tracked_1a0663df298d4783e1e396367fe98cb2e1" prot="public" static="no" const="no" explicit="no" inline="no" virt="virtual">
        <type>void</type>
        <definition>void rwa3::LandBasedTracked::PickUp</definition>
        <argsstring>(std::string target) override</argsstring>
        <name>PickUp</name>
        <reimplements refid="classrwa3_1_1_land_based_robot_1a5bcf547d74111438d076c53366c7c81e">PickUp</reimplements>
        <param>
          <type>std::string</type>
          <declname>target</declname>
        </param>
        <briefdescription>
        </briefdescription>
        <detaileddescription>
<para>Arm picks up an object. <parameterlist kind="param"><parameteritem>
<parameternamelist>
<parametername>target</parametername>
</parameternamelist>
<parameterdescription>
<para>- </para>
</parameterdescription>
</parameteritem>
</parameterlist>
</para>
        </detaileddescription>
        <inbodydescription>
        </inbodydescription>
        <location file="D:/CC/UMD/ENPM 809Y/hws/hw3/RWA3-Group5/LandBasedWheeled/LandBasedTracked.h" line="50" column="14" bodyfile="D:/CC/UMD/ENPM 809Y/hws/hw3/RWA3-Group5/LandBasedWheeled/LandBasedTracked.cpp" bodystart="22" bodyend="24"/>
      </memberdef>
      <memberdef kind="function" id="classrwa3_1_1_land_based_tracked_1ab2ad2cc189be974f709302eed721694d" prot="public" static="no" const="no" explicit="no" inline="no" virt="virtual">
        <type>void</type>
        <definition>void rwa3::LandBasedTracked::Release</definition>
        <argsstring>(std::string target) override</argsstring>
        <name>Release</name>
        <reimplements refid="classrwa3_1_1_land_based_robot_1aacf511569351683d81b42917a22851bd">Release</reimplements>
        <param>
          <type>std::string</type>
          <declname>target</declname>
        </param>
        <briefdescription>
        </briefdescription>
        <detaileddescription>
<para>Arm releases an object. <parameterlist kind="param"><parameteritem>
<parameternamelist>
<parametername>target</parametername>
</parameternamelist>
<parameterdescription>
<para>- </para>
</parameterdescription>
</parameteritem>
</parameterlist>
</para>
        </detaileddescription>
        <inbodydescription>
        </inbodydescription>
        <location file="D:/CC/UMD/ENPM 809Y/hws/hw3/RWA3-Group5/LandBasedWheeled/LandBasedTracked.h" line="53" column="14" bodyfile="D:/CC/UMD/ENPM 809Y/hws/hw3/RWA3-Group5/LandBasedWheeled/LandBasedTracked.cpp" bodystart="26" bodyend="28"/>
      </memberdef>
      </sectiondef>
    <briefdescription>
    </briefdescription>
    <detaileddescription>
    </detaileddescription>
    <inheritancegraph>
      <node id="1">
        <label>rwa3::LandBasedTracked</label>
        <link refid="classrwa3_1_1_land_based_tracked"/>
        <childnode refid="2" relation="public-inheritance">
        </childnode>
      </node>
      <node id="2">
        <label>rwa3::LandBasedRobot</label>
        <link refid="classrwa3_1_1_land_based_robot"/>
      </node>
    </inheritancegraph>
    <collaborationgraph>
      <node id="1">
        <label>rwa3::LandBasedTracked</label>
        <link refid="classrwa3_1_1_land_based_tracked"/>
        <childnode refid="2" relation="public-inheritance">
        </childnode>
      </node>
      <node id="2">
        <label>rwa3::LandBasedRobot</label>
        <link refid="classrwa3_1_1_land_based_robot"/>
      </node>
    </collaborationgraph>
    <location file="D:/CC/UMD/ENPM 809Y/hws/hw3/RWA3-Group5/LandBasedWheeled/LandBasedTracked.h" line="10" column="5" bodyfile="D:/CC/UMD/ENPM 809Y/hws/hw3/RWA3-Group5/LandBasedWheeled/LandBasedTracked.h" bodystart="10" bodyend="57"/>
    <listofallmembers>
      <member refid="classrwa3_1_1_land_based_robot_1aa717b15025b339a0f40f689452a97cf8" prot="protected" virt="non-virtual"><scope>rwa3::LandBasedTracked</scope><name>capacity_</name></member>
      <member refid="classrwa3_1_1_land_based_robot_1a7769a08e59150e9f63991c6614a94c4d" prot="public" virt="non-virtual"><scope>rwa3::LandBasedTracked</scope><name>get_x</name></member>
      <member refid="classrwa3_1_1_land_based_robot_1a79a92d6e6eab95cd5f129ecc0e854116" prot="public" virt="non-virtual"><scope>rwa3::LandBasedTracked</scope><name>get_y</name></member>
      <member refid="classrwa3_1_1_land_based_robot_1a2556d75eaa014c288df274c1a9eebf7e" prot="public" virt="non-virtual"><scope>rwa3::LandBasedTracked</scope><name>getName</name></member>
      <member refid="classrwa3_1_1_land_based_tracked_1a32d6139dab0fef719ccc31871586b9af" prot="public" virt="virtual"><scope>rwa3::LandBasedTracked</scope><name>GoDown</name></member>
      <member refid="classrwa3_1_1_land_based_tracked_1ad4f114f7bc03517871911f760cf2c146" prot="public" virt="virtual"><scope>rwa3::LandBasedTracked</scope><name>GoUp</name></member>
      <member refid="classrwa3_1_1_land_based_robot_1a1187f7a4fd44450abf81a1ad76f18f72" prot="protected" virt="non-virtual"><scope>rwa3::LandBasedTracked</scope><name>height_</name></member>
      <member refid="classrwa3_1_1_land_based_robot_1a21e329a67692e76d3e6609fc1509e863" prot="public" virt="non-virtual"><scope>rwa3::LandBasedTracked</scope><name>LandBasedRobot</name></member>
      <member refid="classrwa3_1_1_land_based_tracked_1a38016e5d3e85eb187a1792d98b02fbb6" prot="public" virt="non-virtual"><scope>rwa3::LandBasedTracked</scope><name>LandBasedTracked</name></member>
      <member refid="classrwa3_1_1_land_based_tracked_1ad6a1076822b4624bbd0643294e36e298" prot="public" virt="non-virtual"><scope>rwa3::LandBasedTracked</scope><name>LandBasedTracked</name></member>
      <member refid="classrwa3_1_1_land_based_robot_1ac4b3cde4702d4ea866f503eedf6ea1e3" prot="protected" virt="non-virtual"><scope>rwa3::LandBasedTracked</scope><name>length_</name></member>
      <member refid="classrwa3_1_1_land_based_robot_1af41338d7f38b2a75174886990d8ece1e" prot="protected" virt="non-virtual"><scope>rwa3::LandBasedTracked</scope><name>name_</name></member>
      <member refid="classrwa3_1_1_land_based_tracked_1a0663df298d4783e1e396367fe98cb2e1" prot="public" virt="virtual"><scope>rwa3::LandBasedTracked</scope><name>PickUp</name></member>
      <member refid="classrwa3_1_1_land_based_tracked_1ab2ad2cc189be974f709302eed721694d" prot="public" virt="virtual"><scope>rwa3::LandBasedTracked</scope><name>Release</name></member>
      <member refid="classrwa3_1_1_land_based_robot_1ad9831c30393edcd779041734db24d819" prot="protected" virt="non-virtual"><scope>rwa3::LandBasedTracked</scope><name>speed_</name></member>
      <member refid="classrwa3_1_1_land_based_tracked_1ae57d4a2861a045e2f0cc0da1e43868ed" prot="protected" virt="non-virtual"><scope>rwa3::LandBasedTracked</scope><name>track_type</name></member>
      <member refid="classrwa3_1_1_land_based_tracked_1a8c7a8b433db1cb18c0f720c89dd51d8b" prot="public" virt="virtual"><scope>rwa3::LandBasedTracked</scope><name>TurnLeft</name></member>
      <member refid="classrwa3_1_1_land_based_tracked_1a7f7aad91e76d11f634d61ddd34c3cb9d" prot="public" virt="virtual"><scope>rwa3::LandBasedTracked</scope><name>TurnRight</name></member>
      <member refid="classrwa3_1_1_land_based_robot_1a04a444830f3ad0c0d78d206e0d598bbb" prot="protected" virt="non-virtual"><scope>rwa3::LandBasedTracked</scope><name>width_</name></member>
      <member refid="classrwa3_1_1_land_based_robot_1a832cf3ec3e8226a5dca17f2177a5730a" prot="protected" virt="non-virtual"><scope>rwa3::LandBasedTracked</scope><name>x_</name></member>
      <member refid="classrwa3_1_1_land_based_robot_1a2749e5dd4c77633f72eba70d269fdf59" prot="protected" virt="non-virtual"><scope>rwa3::LandBasedTracked</scope><name>y_</name></member>
      <member refid="classrwa3_1_1_land_based_robot_1ac57e1fa6a06533403765c3ca0a7fc2d6" prot="public" virt="virtual"><scope>rwa3::LandBasedTracked</scope><name>~LandBasedRobot</name></member>
      <member refid="classrwa3_1_1_land_based_tracked_1a018639eac0eabfcf86fc2b48e0b6df83" prot="public" virt="virtual"><scope>rwa3::LandBasedTracked</scope><name>~LandBasedTracked</name></member>
    </listofallmembers>
  </compounddef>
</doxygen>
