<?xml version='1.0' encoding='UTF-8' standalone='no'?>
<doxygen xmlns:xsi="http://www.w3.org/2001/XMLSchema-instance" xsi:noNamespaceSchemaLocation="compound.xsd" version="1.8.18">
  <compounddef id="classrwa3_1_1_land_based_wheeled" kind="class" language="C++" prot="public">
    <compoundname>rwa3::LandBasedWheeled</compoundname>
    <basecompoundref refid="classrwa3_1_1_land_based_robot" prot="public" virt="non-virtual">rwa3::LandBasedRobot</basecompoundref>
    <includes refid="_land_based_wheeled_8h" local="no">LandBasedWheeled.h</includes>
      <sectiondef kind="protected-attrib">
      <memberdef kind="variable" id="classrwa3_1_1_land_based_wheeled_1a725e617de7cb6909a403e95a5918f2bb" prot="protected" static="no" mutable="no">
        <type>int</type>
        <definition>int rwa3::LandBasedWheeled::wheel_number</definition>
        <argsstring></argsstring>
        <name>wheel_number</name>
        <briefdescription>
        </briefdescription>
        <detaileddescription>
        </detaileddescription>
        <inbodydescription>
        </inbodydescription>
        <location file="D:/CC/UMD/ENPM 809Y/hws/hw3/RWA3-Group5/LandBasedTracked/LandBasedWheeled.h" line="57" column="13" bodyfile="D:/CC/UMD/ENPM 809Y/hws/hw3/RWA3-Group5/LandBasedTracked/LandBasedWheeled.h" bodystart="57" bodyend="-1"/>
      </memberdef>
      <memberdef kind="variable" id="classrwa3_1_1_land_based_wheeled_1a1593d4e30cea415b600b849c1af7f092" prot="protected" static="no" mutable="no">
        <type>std::shared_ptr&lt; std::string &gt;</type>
        <definition>std::shared_ptr&lt;std::string&gt; rwa3::LandBasedWheeled::wheel_type</definition>
        <argsstring></argsstring>
        <name>wheel_type</name>
        <briefdescription>
<para>Number of wheels mounted on the robot. </para>
        </briefdescription>
        <detaileddescription>
        </detaileddescription>
        <inbodydescription>
        </inbodydescription>
        <location file="D:/CC/UMD/ENPM 809Y/hws/hw3/RWA3-Group5/LandBasedTracked/LandBasedWheeled.h" line="58" column="25" bodyfile="D:/CC/UMD/ENPM 809Y/hws/hw3/RWA3-Group5/LandBasedTracked/LandBasedWheeled.h" bodystart="58" bodyend="-1"/>
      </memberdef>
      </sectiondef>
      <sectiondef kind="public-func">
      <memberdef kind="function" id="classrwa3_1_1_land_based_wheeled_1a9feaa255790f15b6f0d98e468250a33c" prot="public" static="no" const="no" explicit="no" inline="yes" virt="non-virtual">
        <type></type>
        <definition>rwa3::LandBasedWheeled::LandBasedWheeled</definition>
        <argsstring>(const std::string name=&quot;UnknownLandBasedWheeled&quot;, int x=0, int y=0, int wheel_number=4, std::shared_ptr&lt; std::string &gt; wheel_type=nullptr, double speed=0.0, double width=1.0, double length=1.0, double height=1.0, double capacity=1.0)</argsstring>
        <name>LandBasedWheeled</name>
        <param>
          <type>const std::string</type>
          <declname>name</declname>
          <defval>&quot;UnknownLandBasedWheeled&quot;</defval>
        </param>
        <param>
          <type>int</type>
          <declname>x</declname>
          <defval>0</defval>
        </param>
        <param>
          <type>int</type>
          <declname>y</declname>
          <defval>0</defval>
        </param>
        <param>
          <type>int</type>
          <declname>wheel_number</declname>
          <defval>4</defval>
        </param>
        <param>
          <type>std::shared_ptr&lt; std::string &gt;</type>
          <declname>wheel_type</declname>
          <defval>nullptr</defval>
        </param>
        <param>
          <type>double</type>
          <declname>speed</declname>
          <defval>0.0</defval>
        </param>
        <param>
          <type>double</type>
          <declname>width</declname>
          <defval>1.0</defval>
        </param>
        <param>
          <type>double</type>
          <declname>length</declname>
          <defval>1.0</defval>
        </param>
        <param>
          <type>double</type>
          <declname>height</declname>
          <defval>1.0</defval>
        </param>
        <param>
          <type>double</type>
          <declname>capacity</declname>
          <defval>1.0</defval>
        </param>
        <briefdescription>
        </briefdescription>
        <detaileddescription>
<para>Basic constructor <parameterlist kind="param"><parameteritem>
<parameternamelist>
<parametername>name</parametername>
</parameternamelist>
<parameterdescription>
<para>- Name of the robot. </para>
</parameterdescription>
</parameteritem>
<parameteritem>
<parameternamelist>
<parametername>x</parametername>
</parameternamelist>
<parameterdescription>
<para>- X coordinate of the robot in the maze. </para>
</parameterdescription>
</parameteritem>
<parameteritem>
<parameternamelist>
<parametername>y</parametername>
</parameternamelist>
<parameterdescription>
<para>- Y coordinate of the robot in the maze. </para>
</parameterdescription>
</parameteritem>
<parameteritem>
<parameternamelist>
<parametername>wheel_number</parametername>
</parameternamelist>
<parameterdescription>
<para>- Number of wheels mounted on the robot. </para>
</parameterdescription>
</parameteritem>
<parameteritem>
<parameternamelist>
<parametername>wheel_type</parametername>
</parameternamelist>
<parameterdescription>
<para>- Type of wheels mounted on the robot </para>
</parameterdescription>
</parameteritem>
<parameteritem>
<parameternamelist>
<parametername>speed</parametername>
</parameternamelist>
<parameterdescription>
<para>- Driving speed of the robot. </para>
</parameterdescription>
</parameteritem>
<parameteritem>
<parameternamelist>
<parametername>width</parametername>
</parameternamelist>
<parameterdescription>
<para>- Width of the base of the robot. </para>
</parameterdescription>
</parameteritem>
<parameteritem>
<parameternamelist>
<parametername>length</parametername>
</parameternamelist>
<parameterdescription>
<para>- Length of the base of the robot. </para>
</parameterdescription>
</parameteritem>
<parameteritem>
<parameternamelist>
<parametername>height</parametername>
</parameternamelist>
<parameterdescription>
<para>- Height of the base of the robot. </para>
</parameterdescription>
</parameteritem>
<parameteritem>
<parameternamelist>
<parametername>capacity</parametername>
</parameternamelist>
<parameterdescription>
<para>- Payload of the arm. </para>
</parameterdescription>
</parameteritem>
</parameterlist>
</para>
        </detaileddescription>
        <inbodydescription>
        </inbodydescription>
        <location file="D:/CC/UMD/ENPM 809Y/hws/hw3/RWA3-Group5/LandBasedTracked/LandBasedWheeled.h" line="24" column="9" bodyfile="D:/CC/UMD/ENPM 809Y/hws/hw3/RWA3-Group5/LandBasedTracked/LandBasedWheeled.h" bodystart="24" bodyend="24"/>
      </memberdef>
      <memberdef kind="function" id="classrwa3_1_1_land_based_wheeled_1a0522cb315fc4f6b658c17b29b069b837" prot="public" static="no" const="no" explicit="no" inline="yes" virt="non-virtual">
        <type></type>
        <definition>rwa3::LandBasedWheeled::LandBasedWheeled</definition>
        <argsstring>(const LandBasedWheeled &amp;source)</argsstring>
        <name>LandBasedWheeled</name>
        <param>
          <type>const <ref refid="classrwa3_1_1_land_based_wheeled" kindref="compound">LandBasedWheeled</ref> &amp;</type>
          <declname>source</declname>
        </param>
        <briefdescription>
        </briefdescription>
        <detaileddescription>
<para>deep copy constructor <parameterlist kind="param"><parameteritem>
<parameternamelist>
<parametername>source</parametername>
</parameternamelist>
<parameterdescription>
<para>- the <ref refid="classrwa3_1_1_land_based_wheeled" kindref="compound">LandBasedWheeled</ref> object being copied </para>
</parameterdescription>
</parameteritem>
</parameterlist>
<simplesect kind="return"><para>- a deep copy of <ref refid="classrwa3_1_1_land_based_wheeled" kindref="compound">LandBasedWheeled</ref> object </para>
</simplesect>
</para>
        </detaileddescription>
        <inbodydescription>
        </inbodydescription>
        <location file="D:/CC/UMD/ENPM 809Y/hws/hw3/RWA3-Group5/LandBasedTracked/LandBasedWheeled.h" line="28" column="9" bodyfile="D:/CC/UMD/ENPM 809Y/hws/hw3/RWA3-Group5/LandBasedTracked/LandBasedWheeled.h" bodystart="28" bodyend="28"/>
      </memberdef>
      <memberdef kind="function" id="classrwa3_1_1_land_based_wheeled_1a0c46a810956dbe99d0a94db8d238d4d7" prot="public" static="no" const="no" explicit="no" inline="yes" virt="virtual">
        <type></type>
        <definition>virtual rwa3::LandBasedWheeled::~LandBasedWheeled</definition>
        <argsstring>()</argsstring>
        <name>~LandBasedWheeled</name>
        <briefdescription>
        </briefdescription>
        <detaileddescription>
        </detaileddescription>
        <inbodydescription>
        </inbodydescription>
        <location file="D:/CC/UMD/ENPM 809Y/hws/hw3/RWA3-Group5/LandBasedTracked/LandBasedWheeled.h" line="29" column="17" bodyfile="D:/CC/UMD/ENPM 809Y/hws/hw3/RWA3-Group5/LandBasedTracked/LandBasedWheeled.h" bodystart="29" bodyend="31"/>
      </memberdef>
      <memberdef kind="function" id="classrwa3_1_1_land_based_wheeled_1a8fe7d7b2c49968a7b67349162a0c0dd7" prot="public" static="no" const="no" explicit="no" inline="no" virt="virtual">
        <type>void</type>
        <definition>void rwa3::LandBasedWheeled::GoUp</definition>
        <argsstring>(int x_, int y_) override</argsstring>
        <name>GoUp</name>
        <reimplements refid="classrwa3_1_1_land_based_robot_1a87de88f6c095382d4ab06ef2b3ee58fc">GoUp</reimplements>
        <param>
          <type>int</type>
          <declname>x_</declname>
        </param>
        <param>
          <type>int</type>
          <declname>y_</declname>
        </param>
        <briefdescription>
        </briefdescription>
        <detaileddescription>
<para>member function Move the robot up in the maze. <parameterlist kind="param"><parameteritem>
<parameternamelist>
<parametername>x_</parametername>
</parameternamelist>
<parameterdescription>
<para>- </para>
</parameterdescription>
</parameteritem>
<parameteritem>
<parameternamelist>
<parametername>y_</parametername>
</parameternamelist>
<parameterdescription>
<para>- </para>
</parameterdescription>
</parameteritem>
</parameterlist>
</para>
        </detaileddescription>
        <inbodydescription>
        </inbodydescription>
        <location file="D:/CC/UMD/ENPM 809Y/hws/hw3/RWA3-Group5/LandBasedTracked/LandBasedWheeled.h" line="37" column="14" bodyfile="D:/CC/UMD/ENPM 809Y/hws/hw3/RWA3-Group5/LandBasedTracked/LandBasedWheeled.cpp" bodystart="6" bodyend="8"/>
      </memberdef>
      <memberdef kind="function" id="classrwa3_1_1_land_based_wheeled_1ae1c0643dcbadbb1e1168085b905950c3" prot="public" static="no" const="no" explicit="no" inline="no" virt="virtual">
        <type>void</type>
        <definition>void rwa3::LandBasedWheeled::GoDown</definition>
        <argsstring>(int x_, int y_) override</argsstring>
        <name>GoDown</name>
        <reimplements refid="classrwa3_1_1_land_based_robot_1a624ec9ae053d3780528f6e81375d925f">GoDown</reimplements>
        <param>
          <type>int</type>
          <declname>x_</declname>
        </param>
        <param>
          <type>int</type>
          <declname>y_</declname>
        </param>
        <briefdescription>
        </briefdescription>
        <detaileddescription>
<para>Move the robot down in the maze. <parameterlist kind="param"><parameteritem>
<parameternamelist>
<parametername>x_</parametername>
</parameternamelist>
<parameterdescription>
<para>- </para>
</parameterdescription>
</parameteritem>
<parameteritem>
<parameternamelist>
<parametername>y_</parametername>
</parameternamelist>
<parameterdescription>
<para>- </para>
</parameterdescription>
</parameteritem>
</parameterlist>
</para>
        </detaileddescription>
        <inbodydescription>
        </inbodydescription>
        <location file="D:/CC/UMD/ENPM 809Y/hws/hw3/RWA3-Group5/LandBasedTracked/LandBasedWheeled.h" line="41" column="14" bodyfile="D:/CC/UMD/ENPM 809Y/hws/hw3/RWA3-Group5/LandBasedTracked/LandBasedWheeled.cpp" bodystart="10" bodyend="12"/>
      </memberdef>
      <memberdef kind="function" id="classrwa3_1_1_land_based_wheeled_1a2fc50dcf0970b7e48dc234205ceb149e" prot="public" static="no" const="no" explicit="no" inline="no" virt="virtual">
        <type>void</type>
        <definition>void rwa3::LandBasedWheeled::TurnLeft</definition>
        <argsstring>(int x_, int y_) override</argsstring>
        <name>TurnLeft</name>
        <reimplements refid="classrwa3_1_1_land_based_robot_1aed30ef4c5b6b89a4f41c10ec17a66c18">TurnLeft</reimplements>
        <param>
          <type>int</type>
          <declname>x_</declname>
        </param>
        <param>
          <type>int</type>
          <declname>y_</declname>
        </param>
        <briefdescription>
        </briefdescription>
        <detaileddescription>
<para>Move the robot left in the maze. <parameterlist kind="param"><parameteritem>
<parameternamelist>
<parametername>x_</parametername>
</parameternamelist>
<parameterdescription>
<para>- </para>
</parameterdescription>
</parameteritem>
<parameteritem>
<parameternamelist>
<parametername>y_</parametername>
</parameternamelist>
<parameterdescription>
<para>- </para>
</parameterdescription>
</parameteritem>
</parameterlist>
</para>
        </detaileddescription>
        <inbodydescription>
        </inbodydescription>
        <location file="D:/CC/UMD/ENPM 809Y/hws/hw3/RWA3-Group5/LandBasedTracked/LandBasedWheeled.h" line="45" column="14" bodyfile="D:/CC/UMD/ENPM 809Y/hws/hw3/RWA3-Group5/LandBasedTracked/LandBasedWheeled.cpp" bodystart="14" bodyend="16"/>
      </memberdef>
      <memberdef kind="function" id="classrwa3_1_1_land_based_wheeled_1ab795b7fb2489990db212ca6d3bdf3c0e" prot="public" static="no" const="no" explicit="no" inline="no" virt="virtual">
        <type>void</type>
        <definition>void rwa3::LandBasedWheeled::TurnRight</definition>
        <argsstring>(int x_, int y_) override</argsstring>
        <name>TurnRight</name>
        <reimplements refid="classrwa3_1_1_land_based_robot_1a8940a74cbdd0eabba937b18797a6dba1">TurnRight</reimplements>
        <param>
          <type>int</type>
          <declname>x_</declname>
        </param>
        <param>
          <type>int</type>
          <declname>y_</declname>
        </param>
        <briefdescription>
        </briefdescription>
        <detaileddescription>
<para>Move the robot right in the maze. <parameterlist kind="param"><parameteritem>
<parameternamelist>
<parametername>x_</parametername>
</parameternamelist>
<parameterdescription>
<para>- </para>
</parameterdescription>
</parameteritem>
<parameteritem>
<parameternamelist>
<parametername>y_</parametername>
</parameternamelist>
<parameterdescription>
<para>- </para>
</parameterdescription>
</parameteritem>
</parameterlist>
</para>
        </detaileddescription>
        <inbodydescription>
        </inbodydescription>
        <location file="D:/CC/UMD/ENPM 809Y/hws/hw3/RWA3-Group5/LandBasedTracked/LandBasedWheeled.h" line="49" column="14" bodyfile="D:/CC/UMD/ENPM 809Y/hws/hw3/RWA3-Group5/LandBasedTracked/LandBasedWheeled.cpp" bodystart="18" bodyend="20"/>
      </memberdef>
      <memberdef kind="function" id="classrwa3_1_1_land_based_wheeled_1ad39a840a0eae56064e1f84d9219fa407" prot="public" static="no" const="no" explicit="no" inline="no" virt="virtual">
        <type>void</type>
        <definition>void rwa3::LandBasedWheeled::PickUp</definition>
        <argsstring>(std::string target) override</argsstring>
        <name>PickUp</name>
        <reimplements refid="classrwa3_1_1_land_based_robot_1a5bcf547d74111438d076c53366c7c81e">PickUp</reimplements>
        <param>
          <type>std::string</type>
          <declname>target</declname>
        </param>
        <briefdescription>
        </briefdescription>
        <detaileddescription>
<para>Arm picks up an object. <parameterlist kind="param"><parameteritem>
<parameternamelist>
<parametername>target</parametername>
</parameternamelist>
<parameterdescription>
<para>- </para>
</parameterdescription>
</parameteritem>
</parameterlist>
</para>
        </detaileddescription>
        <inbodydescription>
        </inbodydescription>
        <location file="D:/CC/UMD/ENPM 809Y/hws/hw3/RWA3-Group5/LandBasedTracked/LandBasedWheeled.h" line="52" column="14" bodyfile="D:/CC/UMD/ENPM 809Y/hws/hw3/RWA3-Group5/LandBasedTracked/LandBasedWheeled.cpp" bodystart="22" bodyend="24"/>
      </memberdef>
      <memberdef kind="function" id="classrwa3_1_1_land_based_wheeled_1a4a8a3bf03ccf577533f3915437a8ab03" prot="public" static="no" const="no" explicit="no" inline="no" virt="virtual">
        <type>void</type>
        <definition>void rwa3::LandBasedWheeled::Release</definition>
        <argsstring>(std::string target) override</argsstring>
        <name>Release</name>
        <reimplements refid="classrwa3_1_1_land_based_robot_1aacf511569351683d81b42917a22851bd">Release</reimplements>
        <param>
          <type>std::string</type>
          <declname>target</declname>
        </param>
        <briefdescription>
        </briefdescription>
        <detaileddescription>
<para>Arm releases an object. <parameterlist kind="param"><parameteritem>
<parameternamelist>
<parametername>target</parametername>
</parameternamelist>
<parameterdescription>
<para>- </para>
</parameterdescription>
</parameteritem>
</parameterlist>
</para>
        </detaileddescription>
        <inbodydescription>
        </inbodydescription>
        <location file="D:/CC/UMD/ENPM 809Y/hws/hw3/RWA3-Group5/LandBasedTracked/LandBasedWheeled.h" line="55" column="14" bodyfile="D:/CC/UMD/ENPM 809Y/hws/hw3/RWA3-Group5/LandBasedTracked/LandBasedWheeled.cpp" bodystart="26" bodyend="28"/>
      </memberdef>
      </sectiondef>
    <briefdescription>
    </briefdescription>
    <detaileddescription>
    </detaileddescription>
    <inheritancegraph>
      <node id="2">
        <label>rwa3::LandBasedRobot</label>
        <link refid="classrwa3_1_1_land_based_robot"/>
      </node>
      <node id="1">
        <label>rwa3::LandBasedWheeled</label>
        <link refid="classrwa3_1_1_land_based_wheeled"/>
        <childnode refid="2" relation="public-inheritance">
        </childnode>
      </node>
    </inheritancegraph>
    <collaborationgraph>
      <node id="2">
        <label>rwa3::LandBasedRobot</label>
        <link refid="classrwa3_1_1_land_based_robot"/>
      </node>
      <node id="1">
        <label>rwa3::LandBasedWheeled</label>
        <link refid="classrwa3_1_1_land_based_wheeled"/>
        <childnode refid="2" relation="public-inheritance">
        </childnode>
      </node>
    </collaborationgraph>
    <location file="D:/CC/UMD/ENPM 809Y/hws/hw3/RWA3-Group5/LandBasedTracked/LandBasedWheeled.h" line="11" column="5" bodyfile="D:/CC/UMD/ENPM 809Y/hws/hw3/RWA3-Group5/LandBasedTracked/LandBasedWheeled.h" bodystart="11" bodyend="59"/>
    <listofallmembers>
      <member refid="classrwa3_1_1_land_based_robot_1aa717b15025b339a0f40f689452a97cf8" prot="protected" virt="non-virtual"><scope>rwa3::LandBasedWheeled</scope><name>capacity_</name></member>
      <member refid="classrwa3_1_1_land_based_robot_1a7769a08e59150e9f63991c6614a94c4d" prot="public" virt="non-virtual"><scope>rwa3::LandBasedWheeled</scope><name>get_x</name></member>
      <member refid="classrwa3_1_1_land_based_robot_1a79a92d6e6eab95cd5f129ecc0e854116" prot="public" virt="non-virtual"><scope>rwa3::LandBasedWheeled</scope><name>get_y</name></member>
      <member refid="classrwa3_1_1_land_based_robot_1a2556d75eaa014c288df274c1a9eebf7e" prot="public" virt="non-virtual"><scope>rwa3::LandBasedWheeled</scope><name>getName</name></member>
      <member refid="classrwa3_1_1_land_based_wheeled_1ae1c0643dcbadbb1e1168085b905950c3" prot="public" virt="virtual"><scope>rwa3::LandBasedWheeled</scope><name>GoDown</name></member>
      <member refid="classrwa3_1_1_land_based_wheeled_1a8fe7d7b2c49968a7b67349162a0c0dd7" prot="public" virt="virtual"><scope>rwa3::LandBasedWheeled</scope><name>GoUp</name></member>
      <member refid="classrwa3_1_1_land_based_robot_1a1187f7a4fd44450abf81a1ad76f18f72" prot="protected" virt="non-virtual"><scope>rwa3::LandBasedWheeled</scope><name>height_</name></member>
      <member refid="classrwa3_1_1_land_based_robot_1a21e329a67692e76d3e6609fc1509e863" prot="public" virt="non-virtual"><scope>rwa3::LandBasedWheeled</scope><name>LandBasedRobot</name></member>
      <member refid="classrwa3_1_1_land_based_wheeled_1a9feaa255790f15b6f0d98e468250a33c" prot="public" virt="non-virtual"><scope>rwa3::LandBasedWheeled</scope><name>LandBasedWheeled</name></member>
      <member refid="classrwa3_1_1_land_based_wheeled_1a0522cb315fc4f6b658c17b29b069b837" prot="public" virt="non-virtual"><scope>rwa3::LandBasedWheeled</scope><name>LandBasedWheeled</name></member>
      <member refid="classrwa3_1_1_land_based_robot_1ac4b3cde4702d4ea866f503eedf6ea1e3" prot="protected" virt="non-virtual"><scope>rwa3::LandBasedWheeled</scope><name>length_</name></member>
      <member refid="classrwa3_1_1_land_based_robot_1af41338d7f38b2a75174886990d8ece1e" prot="protected" virt="non-virtual"><scope>rwa3::LandBasedWheeled</scope><name>name_</name></member>
      <member refid="classrwa3_1_1_land_based_wheeled_1ad39a840a0eae56064e1f84d9219fa407" prot="public" virt="virtual"><scope>rwa3::LandBasedWheeled</scope><name>PickUp</name></member>
      <member refid="classrwa3_1_1_land_based_wheeled_1a4a8a3bf03ccf577533f3915437a8ab03" prot="public" virt="virtual"><scope>rwa3::LandBasedWheeled</scope><name>Release</name></member>
      <member refid="classrwa3_1_1_land_based_robot_1ad9831c30393edcd779041734db24d819" prot="protected" virt="non-virtual"><scope>rwa3::LandBasedWheeled</scope><name>speed_</name></member>
      <member refid="classrwa3_1_1_land_based_wheeled_1a2fc50dcf0970b7e48dc234205ceb149e" prot="public" virt="virtual"><scope>rwa3::LandBasedWheeled</scope><name>TurnLeft</name></member>
      <member refid="classrwa3_1_1_land_based_wheeled_1ab795b7fb2489990db212ca6d3bdf3c0e" prot="public" virt="virtual"><scope>rwa3::LandBasedWheeled</scope><name>TurnRight</name></member>
      <member refid="classrwa3_1_1_land_based_wheeled_1a725e617de7cb6909a403e95a5918f2bb" prot="protected" virt="non-virtual"><scope>rwa3::LandBasedWheeled</scope><name>wheel_number</name></member>
      <member refid="classrwa3_1_1_land_based_wheeled_1a1593d4e30cea415b600b849c1af7f092" prot="protected" virt="non-virtual"><scope>rwa3::LandBasedWheeled</scope><name>wheel_type</name></member>
      <member refid="classrwa3_1_1_land_based_robot_1a04a444830f3ad0c0d78d206e0d598bbb" prot="protected" virt="non-virtual"><scope>rwa3::LandBasedWheeled</scope><name>width_</name></member>
      <member refid="classrwa3_1_1_land_based_robot_1a832cf3ec3e8226a5dca17f2177a5730a" prot="protected" virt="non-virtual"><scope>rwa3::LandBasedWheeled</scope><name>x_</name></member>
      <member refid="classrwa3_1_1_land_based_robot_1a2749e5dd4c77633f72eba70d269fdf59" prot="protected" virt="non-virtual"><scope>rwa3::LandBasedWheeled</scope><name>y_</name></member>
      <member refid="classrwa3_1_1_land_based_robot_1ac57e1fa6a06533403765c3ca0a7fc2d6" prot="public" virt="virtual"><scope>rwa3::LandBasedWheeled</scope><name>~LandBasedRobot</name></member>
      <member refid="classrwa3_1_1_land_based_wheeled_1a0c46a810956dbe99d0a94db8d238d4d7" prot="public" virt="virtual"><scope>rwa3::LandBasedWheeled</scope><name>~LandBasedWheeled</name></member>
    </listofallmembers>
  </compounddef>
</doxygen>
