<?xml version='1.0' encoding='UTF-8' standalone='no'?>
<doxygen xmlns:xsi="http://www.w3.org/2001/XMLSchema-instance" xsi:noNamespaceSchemaLocation="compound.xsd" version="1.8.18">
  <compounddef id="clion-environment_8txt" kind="file" language="C++">
    <compoundname>clion-environment.txt</compoundname>
    <briefdescription>
    </briefdescription>
    <detaileddescription>
    </detaileddescription>
    <programlisting>
<codeline lineno="1"><highlight class="normal">ToolSet:<sp/>16.0<sp/>(local)@C:\Program<sp/>Files<sp/>(x86)\Microsoft<sp/>Visual<sp/>Studio\2019\Community</highlight></codeline>
<codeline lineno="2"><highlight class="normal">Options:<sp/></highlight></codeline>
<codeline lineno="3"><highlight class="normal"></highlight></codeline>
<codeline lineno="4"><highlight class="normal">Options:</highlight></codeline>
    </programlisting>
    <location file="D:/CC/UMD/ENPM 809Y/hws/hw3/RWA3-Group5/cmake-build-debug/CMakeFiles/clion-environment.txt"/>
  </compounddef>
</doxygen>
