<?xml version='1.0' encoding='UTF-8' standalone='no'?>
<doxygen xmlns:xsi="http://www.w3.org/2001/XMLSchema-instance" xsi:noNamespaceSchemaLocation="compound.xsd" version="1.8.18">
  <compounddef id="clion-log_8txt" kind="file" language="C++">
    <compoundname>clion-log.txt</compoundname>
    <briefdescription>
    </briefdescription>
    <detaileddescription>
    </detaileddescription>
    <programlisting>
<codeline lineno="1"><highlight class="stringliteral">&quot;D:\Program<sp/>Files\JetBrains\CLion<sp/>2020.1\bin\cmake\win\bin\cmake.exe&quot;</highlight><highlight class="normal"><sp/>-DCMAKE_BUILD_TYPE=Debug<sp/>-G<sp/></highlight><highlight class="stringliteral">&quot;CodeBlocks<sp/>-<sp/>NMake<sp/>Makefiles&quot;</highlight><highlight class="normal"><sp/></highlight><highlight class="stringliteral">&quot;D:\CC\UMD\ENPM<sp/>809Y\hws\hw3\RWA3-Group5&quot;</highlight><highlight class="normal"></highlight></codeline>
<codeline lineno="2"><highlight class="normal">--<sp/>Configuring<sp/>done</highlight></codeline>
<codeline lineno="3"><highlight class="normal">--<sp/>Generating<sp/>done</highlight></codeline>
<codeline lineno="4"><highlight class="normal">--<sp/>Build<sp/>files<sp/>have<sp/>been<sp/>written<sp/>to:<sp/>D:/CC/UMD/ENPM<sp/>809Y/hws/hw3/RWA3-Group5/cmake-build-debug</highlight></codeline>
    </programlisting>
    <location file="D:/CC/UMD/ENPM 809Y/hws/hw3/RWA3-Group5/cmake-build-debug/CMakeFiles/clion-log.txt"/>
  </compounddef>
</doxygen>
