<?xml version='1.0' encoding='UTF-8' standalone='no'?>
<doxygen xmlns:xsi="http://www.w3.org/2001/XMLSchema-instance" xsi:noNamespaceSchemaLocation="compound.xsd" version="1.8.18">
  <compounddef id="dir_604c663bcd2d6114b52b4b6ead471f05" kind="dir">
    <compoundname>D:/CC/UMD/ENPM 809Y/hws/hw3/RWA3-Group5/LandBasedTracked</compoundname>
    <innerfile refid="_land_based_wheeled_8cpp">LandBasedWheeled.cpp</innerfile>
    <innerfile refid="_land_based_wheeled_8h">LandBasedWheeled.h</innerfile>
    <briefdescription>
    </briefdescription>
    <detaileddescription>
    </detaileddescription>
    <location file="D:/CC/UMD/ENPM 809Y/hws/hw3/RWA3-Group5/LandBasedTracked/"/>
  </compounddef>
</doxygen>
