<?xml version='1.0' encoding='UTF-8' standalone='no'?>
<doxygen xmlns:xsi="http://www.w3.org/2001/XMLSchema-instance" xsi:noNamespaceSchemaLocation="compound.xsd" version="1.8.18">
  <compounddef id="dir_c908e8c51b39a9d93e9a78af93859590" kind="dir">
    <compoundname>D:/CC/UMD/ENPM 809Y/hws/hw3/RWA3-Group5/LandBasedWheeled</compoundname>
    <innerfile refid="_land_based_tracked_8cpp">LandBasedTracked.cpp</innerfile>
    <innerfile refid="_land_based_tracked_8h">LandBasedTracked.h</innerfile>
    <briefdescription>
    </briefdescription>
    <detaileddescription>
    </detaileddescription>
    <location file="D:/CC/UMD/ENPM 809Y/hws/hw3/RWA3-Group5/LandBasedWheeled/"/>
  </compounddef>
</doxygen>
