<?xml version='1.0' encoding='UTF-8' standalone='no'?>
<doxygen xmlns:xsi="http://www.w3.org/2001/XMLSchema-instance" xsi:noNamespaceSchemaLocation="compound.xsd" version="1.8.18">
  <compounddef id="dir_e1ecdbac78f5041bd527fb40a7fd21eb" kind="dir">
    <compoundname>D:/CC/UMD/ENPM 809Y/hws/hw3/RWA3-Group5/cmake-build-debug/CMakeFiles/3.16.5</compoundname>
    <innerdir refid="dir_2942f868a03c41b22a536fdc77b965b5">D:/CC/UMD/ENPM 809Y/hws/hw3/RWA3-Group5/cmake-build-debug/CMakeFiles/3.16.5/CompilerIdC</innerdir>
    <innerdir refid="dir_247c9eba0c420962286e8bd2a154537b">D:/CC/UMD/ENPM 809Y/hws/hw3/RWA3-Group5/cmake-build-debug/CMakeFiles/3.16.5/CompilerIdCXX</innerdir>
    <briefdescription>
    </briefdescription>
    <detaileddescription>
    </detaileddescription>
    <location file="D:/CC/UMD/ENPM 809Y/hws/hw3/RWA3-Group5/cmake-build-debug/CMakeFiles/3.16.5/"/>
  </compounddef>
</doxygen>
