<?xml version='1.0' encoding='UTF-8' standalone='no'?>
<doxygen xmlns:xsi="http://www.w3.org/2001/XMLSchema-instance" xsi:noNamespaceSchemaLocation="compound.xsd" version="1.8.18">
  <compounddef id="dir_d97308bd5d8523379bb67654f53a411f" kind="dir">
    <compoundname>D:/CC/UMD/ENPM 809Y/hws/hw3/RWA3-Group5/LandBasedRobot</compoundname>
    <innerfile refid="_land_based_robot_8cpp">LandBasedRobot.cpp</innerfile>
    <innerfile refid="_land_based_robot_8h">LandBasedRobot.h</innerfile>
    <briefdescription>
    </briefdescription>
    <detaileddescription>
    </detaileddescription>
    <location file="D:/CC/UMD/ENPM 809Y/hws/hw3/RWA3-Group5/LandBasedRobot/"/>
  </compounddef>
</doxygen>
