<?xml version='1.0' encoding='UTF-8' standalone='no'?>
<doxygen xmlns:xsi="http://www.w3.org/2001/XMLSchema-instance" xsi:noNamespaceSchemaLocation="compound.xsd" version="1.8.18">
  <compounddef id="dir_2942f868a03c41b22a536fdc77b965b5" kind="dir">
    <compoundname>D:/CC/UMD/ENPM 809Y/hws/hw3/RWA3-Group5/cmake-build-debug/CMakeFiles/3.16.5/CompilerIdC</compoundname>
    <innerfile refid="_c_make_c_compiler_id_8c">CMakeCCompilerId.c</innerfile>
    <briefdescription>
    </briefdescription>
    <detaileddescription>
    </detaileddescription>
    <location file="D:/CC/UMD/ENPM 809Y/hws/hw3/RWA3-Group5/cmake-build-debug/CMakeFiles/3.16.5/CompilerIdC/"/>
  </compounddef>
</doxygen>
