<?xml version='1.0' encoding='UTF-8' standalone='no'?>
<doxygenindex xmlns:xsi="http://www.w3.org/2001/XMLSchema-instance" xsi:noNamespaceSchemaLocation="index.xsd" version="1.8.18">
  <compound refid="classrwa3_1_1_land_based_robot" kind="class"><name>rwa3::LandBasedRobot</name>
    <member refid="classrwa3_1_1_land_based_robot_1af41338d7f38b2a75174886990d8ece1e" kind="variable"><name>name_</name></member>
    <member refid="classrwa3_1_1_land_based_robot_1ad9831c30393edcd779041734db24d819" kind="variable"><name>speed_</name></member>
    <member refid="classrwa3_1_1_land_based_robot_1a04a444830f3ad0c0d78d206e0d598bbb" kind="variable"><name>width_</name></member>
    <member refid="classrwa3_1_1_land_based_robot_1ac4b3cde4702d4ea866f503eedf6ea1e3" kind="variable"><name>length_</name></member>
    <member refid="classrwa3_1_1_land_based_robot_1a1187f7a4fd44450abf81a1ad76f18f72" kind="variable"><name>height_</name></member>
    <member refid="classrwa3_1_1_land_based_robot_1aa717b15025b339a0f40f689452a97cf8" kind="variable"><name>capacity_</name></member>
    <member refid="classrwa3_1_1_land_based_robot_1a832cf3ec3e8226a5dca17f2177a5730a" kind="variable"><name>x_</name></member>
    <member refid="classrwa3_1_1_land_based_robot_1a2749e5dd4c77633f72eba70d269fdf59" kind="variable"><name>y_</name></member>
    <member refid="classrwa3_1_1_land_based_robot_1a21e329a67692e76d3e6609fc1509e863" kind="function"><name>LandBasedRobot</name></member>
    <member refid="classrwa3_1_1_land_based_robot_1ac57e1fa6a06533403765c3ca0a7fc2d6" kind="function"><name>~LandBasedRobot</name></member>
    <member refid="classrwa3_1_1_land_based_robot_1a87de88f6c095382d4ab06ef2b3ee58fc" kind="function"><name>GoUp</name></member>
    <member refid="classrwa3_1_1_land_based_robot_1a624ec9ae053d3780528f6e81375d925f" kind="function"><name>GoDown</name></member>
    <member refid="classrwa3_1_1_land_based_robot_1aed30ef4c5b6b89a4f41c10ec17a66c18" kind="function"><name>TurnLeft</name></member>
    <member refid="classrwa3_1_1_land_based_robot_1a8940a74cbdd0eabba937b18797a6dba1" kind="function"><name>TurnRight</name></member>
    <member refid="classrwa3_1_1_land_based_robot_1a5bcf547d74111438d076c53366c7c81e" kind="function"><name>PickUp</name></member>
    <member refid="classrwa3_1_1_land_based_robot_1aacf511569351683d81b42917a22851bd" kind="function"><name>Release</name></member>
    <member refid="classrwa3_1_1_land_based_robot_1a7769a08e59150e9f63991c6614a94c4d" kind="function"><name>get_x</name></member>
    <member refid="classrwa3_1_1_land_based_robot_1a79a92d6e6eab95cd5f129ecc0e854116" kind="function"><name>get_y</name></member>
    <member refid="classrwa3_1_1_land_based_robot_1a2556d75eaa014c288df274c1a9eebf7e" kind="function"><name>getName</name></member>
  </compound>
  <compound refid="classrwa3_1_1_land_based_tracked" kind="class"><name>rwa3::LandBasedTracked</name>
    <member refid="classrwa3_1_1_land_based_tracked_1ae57d4a2861a045e2f0cc0da1e43868ed" kind="variable"><name>track_type</name></member>
    <member refid="classrwa3_1_1_land_based_tracked_1a38016e5d3e85eb187a1792d98b02fbb6" kind="function"><name>LandBasedTracked</name></member>
    <member refid="classrwa3_1_1_land_based_tracked_1ad6a1076822b4624bbd0643294e36e298" kind="function"><name>LandBasedTracked</name></member>
    <member refid="classrwa3_1_1_land_based_tracked_1a018639eac0eabfcf86fc2b48e0b6df83" kind="function"><name>~LandBasedTracked</name></member>
    <member refid="classrwa3_1_1_land_based_tracked_1ad4f114f7bc03517871911f760cf2c146" kind="function"><name>GoUp</name></member>
    <member refid="classrwa3_1_1_land_based_tracked_1a32d6139dab0fef719ccc31871586b9af" kind="function"><name>GoDown</name></member>
    <member refid="classrwa3_1_1_land_based_tracked_1a8c7a8b433db1cb18c0f720c89dd51d8b" kind="function"><name>TurnLeft</name></member>
    <member refid="classrwa3_1_1_land_based_tracked_1a7f7aad91e76d11f634d61ddd34c3cb9d" kind="function"><name>TurnRight</name></member>
    <member refid="classrwa3_1_1_land_based_tracked_1a0663df298d4783e1e396367fe98cb2e1" kind="function"><name>PickUp</name></member>
    <member refid="classrwa3_1_1_land_based_tracked_1ab2ad2cc189be974f709302eed721694d" kind="function"><name>Release</name></member>
  </compound>
  <compound refid="classrwa3_1_1_land_based_wheeled" kind="class"><name>rwa3::LandBasedWheeled</name>
    <member refid="classrwa3_1_1_land_based_wheeled_1a725e617de7cb6909a403e95a5918f2bb" kind="variable"><name>wheel_number</name></member>
    <member refid="classrwa3_1_1_land_based_wheeled_1a1593d4e30cea415b600b849c1af7f092" kind="variable"><name>wheel_type</name></member>
    <member refid="classrwa3_1_1_land_based_wheeled_1a9feaa255790f15b6f0d98e468250a33c" kind="function"><name>LandBasedWheeled</name></member>
    <member refid="classrwa3_1_1_land_based_wheeled_1a0522cb315fc4f6b658c17b29b069b837" kind="function"><name>LandBasedWheeled</name></member>
    <member refid="classrwa3_1_1_land_based_wheeled_1a0c46a810956dbe99d0a94db8d238d4d7" kind="function"><name>~LandBasedWheeled</name></member>
    <member refid="classrwa3_1_1_land_based_wheeled_1a8fe7d7b2c49968a7b67349162a0c0dd7" kind="function"><name>GoUp</name></member>
    <member refid="classrwa3_1_1_land_based_wheeled_1ae1c0643dcbadbb1e1168085b905950c3" kind="function"><name>GoDown</name></member>
    <member refid="classrwa3_1_1_land_based_wheeled_1a2fc50dcf0970b7e48dc234205ceb149e" kind="function"><name>TurnLeft</name></member>
    <member refid="classrwa3_1_1_land_based_wheeled_1ab795b7fb2489990db212ca6d3bdf3c0e" kind="function"><name>TurnRight</name></member>
    <member refid="classrwa3_1_1_land_based_wheeled_1ad39a840a0eae56064e1f84d9219fa407" kind="function"><name>PickUp</name></member>
    <member refid="classrwa3_1_1_land_based_wheeled_1a4a8a3bf03ccf577533f3915437a8ab03" kind="function"><name>Release</name></member>
  </compound>
  <compound refid="namespacerwa3" kind="namespace"><name>rwa3</name>
  </compound>
  <compound refid="_c_make_cache_8txt" kind="file"><name>CMakeCache.txt</name>
    <member refid="_c_make_cache_8txt_1a0a537eb651646b58e8adf3fcdba62f95" kind="variable"><name>__pad0__</name></member>
    <member refid="_c_make_cache_8txt_1a2916c3c309326ef1883d4e2b3e4b7953" kind="variable"><name>__pad1__</name></member>
    <member refid="_c_make_cache_8txt_1a657fc48cab24d0b0c2077ebd5ea1eff9" kind="variable"><name>__pad2__</name></member>
    <member refid="_c_make_cache_8txt_1a5f5bd0b0daf67688b40fff2bcc30240c" kind="variable"><name>__pad3__</name></member>
    <member refid="_c_make_cache_8txt_1a9d8a584fac7470f2d8efa42c11dfb041" kind="variable"><name>__pad4__</name></member>
    <member refid="_c_make_cache_8txt_1abac3c3e932b3af961fc69a9dbf3cabb8" kind="variable"><name>__pad5__</name></member>
    <member refid="_c_make_cache_8txt_1a32c3d1af31a22c0cb5f77fbf319a9823" kind="variable"><name>__pad6__</name></member>
    <member refid="_c_make_cache_8txt_1a6a80dcb66874683d41146de28d783a18" kind="variable"><name>__pad7__</name></member>
    <member refid="_c_make_cache_8txt_1a15140d610f46fbeb8b591989b9991cc3" kind="variable"><name>__pad8__</name></member>
    <member refid="_c_make_cache_8txt_1a60eb9d6e173e6a5938decf76e212b2c7" kind="variable"><name>__pad9__</name></member>
    <member refid="_c_make_cache_8txt_1a1592e0681c7ca62206f91e8e0d78951b" kind="variable"><name>__pad10__</name></member>
    <member refid="_c_make_cache_8txt_1a07393c8e9cb91ee6c51062ed6deaefa0" kind="variable"><name>__pad11__</name></member>
  </compound>
  <compound refid="_c_make_c_compiler_id_8c" kind="file"><name>CMakeCCompilerId.c</name>
    <member refid="_c_make_c_compiler_id_8c_1a81dee0709ded976b2e0319239f72d174" kind="define"><name>COMPILER_ID</name></member>
    <member refid="_c_make_c_compiler_id_8c_1a2ae9b72bb13abaabfcf2ee0ba7d3fa1d" kind="define"><name>STRINGIFY_HELPER</name></member>
    <member refid="_c_make_c_compiler_id_8c_1a43e1cad902b6477bec893cb6430bd6c8" kind="define"><name>STRINGIFY</name></member>
    <member refid="_c_make_c_compiler_id_8c_1adbc5372f40838899018fadbc89bd588b" kind="define"><name>PLATFORM_ID</name></member>
    <member refid="_c_make_c_compiler_id_8c_1aba35d0d200deaeb06aee95ca297acb28" kind="define"><name>ARCHITECTURE_ID</name></member>
    <member refid="_c_make_c_compiler_id_8c_1ad1280362da42492bbc11aa78cbf776ad" kind="define"><name>DEC</name></member>
    <member refid="_c_make_c_compiler_id_8c_1a46d5d95daa1bef867bd0179594310ed5" kind="define"><name>HEX</name></member>
    <member refid="_c_make_c_compiler_id_8c_1a07f8e5783674099cd7f5110e22a78cdb" kind="define"><name>C_DIALECT</name></member>
    <member refid="_c_make_c_compiler_id_8c_1a4b0efeb7a5d59313986b3a0390f050f6" kind="variable"><name>info_compiler</name></member>
    <member refid="_c_make_c_compiler_id_8c_1a2321403dee54ee23f0c2fa849c60f7d4" kind="variable"><name>info_platform</name></member>
    <member refid="_c_make_c_compiler_id_8c_1a59647e99d304ed33b15cb284c27ed391" kind="variable"><name>info_arch</name></member>
    <member refid="_c_make_c_compiler_id_8c_1a1ce162bad2fe6966ac8b33cc19e120b8" kind="variable"><name>info_language_dialect_default</name></member>
    <member refid="_c_make_c_compiler_id_8c_1a0ddf1224851353fc92bfbff6f499fa97" kind="function"><name>main</name></member>
  </compound>
  <compound refid="_c_make_c_x_x_compiler_id_8cpp" kind="file"><name>CMakeCXXCompilerId.cpp</name>
    <member refid="_c_make_c_x_x_compiler_id_8cpp_1a81dee0709ded976b2e0319239f72d174" kind="define"><name>COMPILER_ID</name></member>
    <member refid="_c_make_c_x_x_compiler_id_8cpp_1a2ae9b72bb13abaabfcf2ee0ba7d3fa1d" kind="define"><name>STRINGIFY_HELPER</name></member>
    <member refid="_c_make_c_x_x_compiler_id_8cpp_1a43e1cad902b6477bec893cb6430bd6c8" kind="define"><name>STRINGIFY</name></member>
    <member refid="_c_make_c_x_x_compiler_id_8cpp_1adbc5372f40838899018fadbc89bd588b" kind="define"><name>PLATFORM_ID</name></member>
    <member refid="_c_make_c_x_x_compiler_id_8cpp_1aba35d0d200deaeb06aee95ca297acb28" kind="define"><name>ARCHITECTURE_ID</name></member>
    <member refid="_c_make_c_x_x_compiler_id_8cpp_1ad1280362da42492bbc11aa78cbf776ad" kind="define"><name>DEC</name></member>
    <member refid="_c_make_c_x_x_compiler_id_8cpp_1a46d5d95daa1bef867bd0179594310ed5" kind="define"><name>HEX</name></member>
    <member refid="_c_make_c_x_x_compiler_id_8cpp_1a34cc889e576a1ae6c84ae9e0a851ba21" kind="define"><name>CXX_STD</name></member>
    <member refid="_c_make_c_x_x_compiler_id_8cpp_1a4b0efeb7a5d59313986b3a0390f050f6" kind="variable"><name>info_compiler</name></member>
    <member refid="_c_make_c_x_x_compiler_id_8cpp_1a2321403dee54ee23f0c2fa849c60f7d4" kind="variable"><name>info_platform</name></member>
    <member refid="_c_make_c_x_x_compiler_id_8cpp_1a59647e99d304ed33b15cb284c27ed391" kind="variable"><name>info_arch</name></member>
    <member refid="_c_make_c_x_x_compiler_id_8cpp_1a1ce162bad2fe6966ac8b33cc19e120b8" kind="variable"><name>info_language_dialect_default</name></member>
    <member refid="_c_make_c_x_x_compiler_id_8cpp_1a0ddf1224851353fc92bfbff6f499fa97" kind="function"><name>main</name></member>
  </compound>
  <compound refid="clion-environment_8txt" kind="file"><name>clion-environment.txt</name>
  </compound>
  <compound refid="clion-log_8txt" kind="file"><name>clion-log.txt</name>
  </compound>
  <compound refid="_target_directories_8txt" kind="file"><name>TargetDirectories.txt</name>
  </compound>
  <compound refid="_c_make_lists_8txt" kind="file"><name>CMakeLists.txt</name>
  </compound>
  <compound refid="_land_based_robot_8cpp" kind="file"><name>LandBasedRobot.cpp</name>
  </compound>
  <compound refid="_land_based_robot_8h" kind="file"><name>LandBasedRobot.h</name>
  </compound>
  <compound refid="_land_based_wheeled_8cpp" kind="file"><name>LandBasedWheeled.cpp</name>
  </compound>
  <compound refid="_land_based_wheeled_8h" kind="file"><name>LandBasedWheeled.h</name>
  </compound>
  <compound refid="_land_based_tracked_8cpp" kind="file"><name>LandBasedTracked.cpp</name>
  </compound>
  <compound refid="_land_based_tracked_8h" kind="file"><name>LandBasedTracked.h</name>
  </compound>
  <compound refid="main_8cpp" kind="file"><name>main.cpp</name>
    <member refid="main_8cpp_1a54dd2f6a4474b4b3f0bce34ca3d84ed1" kind="function"><name>FollowActionPath</name></member>
    <member refid="main_8cpp_1ae66f6b31b5ad750f1fe042a706a4e3d4" kind="function"><name>main</name></member>
  </compound>
  <compound refid="dir_e1ecdbac78f5041bd527fb40a7fd21eb" kind="dir"><name>D:/CC/UMD/ENPM 809Y/hws/hw3/RWA3-Group5/cmake-build-debug/CMakeFiles/3.16.5</name>
  </compound>
  <compound refid="dir_95e29a8b8ee7c54052c171a88bb95675" kind="dir"><name>D:/CC/UMD/ENPM 809Y/hws/hw3/RWA3-Group5/cmake-build-debug</name>
  </compound>
  <compound refid="dir_f89abcb304c928c7d889aa5625570de5" kind="dir"><name>D:/CC/UMD/ENPM 809Y/hws/hw3/RWA3-Group5/cmake-build-debug/CMakeFiles</name>
  </compound>
  <compound refid="dir_2942f868a03c41b22a536fdc77b965b5" kind="dir"><name>D:/CC/UMD/ENPM 809Y/hws/hw3/RWA3-Group5/cmake-build-debug/CMakeFiles/3.16.5/CompilerIdC</name>
  </compound>
  <compound refid="dir_247c9eba0c420962286e8bd2a154537b" kind="dir"><name>D:/CC/UMD/ENPM 809Y/hws/hw3/RWA3-Group5/cmake-build-debug/CMakeFiles/3.16.5/CompilerIdCXX</name>
  </compound>
  <compound refid="dir_d97308bd5d8523379bb67654f53a411f" kind="dir"><name>D:/CC/UMD/ENPM 809Y/hws/hw3/RWA3-Group5/LandBasedRobot</name>
  </compound>
  <compound refid="dir_604c663bcd2d6114b52b4b6ead471f05" kind="dir"><name>D:/CC/UMD/ENPM 809Y/hws/hw3/RWA3-Group5/LandBasedTracked</name>
  </compound>
  <compound refid="dir_c908e8c51b39a9d93e9a78af93859590" kind="dir"><name>D:/CC/UMD/ENPM 809Y/hws/hw3/RWA3-Group5/LandBasedWheeled</name>
  </compound>
</doxygenindex>
