<?xml version='1.0' encoding='UTF-8' standalone='no'?>
<doxygen xmlns:xsi="http://www.w3.org/2001/XMLSchema-instance" xsi:noNamespaceSchemaLocation="compound.xsd" version="1.8.18">
  <compounddef id="main_8cpp" kind="file" language="C++">
    <compoundname>main.cpp</compoundname>
    <includes refid="_land_based_tracked_8h" local="yes">LandBasedWheeled/LandBasedTracked.h</includes>
    <includes refid="_land_based_wheeled_8h" local="yes">LandBasedTracked/LandBasedWheeled.h</includes>
    <includes local="no">vector</includes>
    <includes local="no">memory</includes>
    <includes local="no">iostream</includes>
    <incdepgraph>
      <node id="7">
        <label>LandBasedTracked/LandBasedWheeled.h</label>
        <link refid="_land_based_wheeled_8h"/>
        <childnode refid="3" relation="include">
        </childnode>
        <childnode refid="4" relation="include">
        </childnode>
        <childnode refid="5" relation="include">
        </childnode>
      </node>
      <node id="5">
        <label>../LandBasedRobot/LandBasedRobot.h</label>
        <link refid="_land_based_robot_8h"/>
        <childnode refid="6" relation="include">
        </childnode>
        <childnode refid="4" relation="include">
        </childnode>
      </node>
      <node id="6">
        <label>string</label>
      </node>
      <node id="1">
        <label>D:/CC/UMD/ENPM 809Y/hws/hw3/RWA3-Group5/main.cpp</label>
        <link refid="main_8cpp"/>
        <childnode refid="2" relation="include">
        </childnode>
        <childnode refid="7" relation="include">
        </childnode>
        <childnode refid="8" relation="include">
        </childnode>
        <childnode refid="3" relation="include">
        </childnode>
        <childnode refid="4" relation="include">
        </childnode>
      </node>
      <node id="8">
        <label>vector</label>
      </node>
      <node id="4">
        <label>iostream</label>
      </node>
      <node id="2">
        <label>LandBasedWheeled/LandBasedTracked.h</label>
        <link refid="_land_based_tracked_8h"/>
        <childnode refid="3" relation="include">
        </childnode>
        <childnode refid="4" relation="include">
        </childnode>
        <childnode refid="5" relation="include">
        </childnode>
      </node>
      <node id="3">
        <label>memory</label>
      </node>
    </incdepgraph>
      <sectiondef kind="func">
      <memberdef kind="function" id="main_8cpp_1a54dd2f6a4474b4b3f0bce34ca3d84ed1" prot="public" static="no" const="no" explicit="no" inline="no" virt="non-virtual">
        <type>void</type>
        <definition>void FollowActionPath</definition>
        <argsstring>(std::shared_ptr&lt; rwa3::LandBasedRobot &gt; robot, const std::vector&lt; std::string &gt; &amp;vec, std::string obj)</argsstring>
        <name>FollowActionPath</name>
        <param>
          <type>std::shared_ptr&lt; <ref refid="classrwa3_1_1_land_based_robot" kindref="compound">rwa3::LandBasedRobot</ref> &gt;</type>
          <declname>robot</declname>
        </param>
        <param>
          <type>const std::vector&lt; std::string &gt; &amp;</type>
          <declname>vec</declname>
        </param>
        <param>
          <type>std::string</type>
          <declname>obj</declname>
        </param>
        <briefdescription>
        </briefdescription>
        <detaileddescription>
        </detaileddescription>
        <inbodydescription>
        </inbodydescription>
        <location file="D:/CC/UMD/ENPM 809Y/hws/hw3/RWA3-Group5/main.cpp" line="11" column="6" bodyfile="D:/CC/UMD/ENPM 809Y/hws/hw3/RWA3-Group5/main.cpp" bodystart="11" bodyend="29" declfile="D:/CC/UMD/ENPM 809Y/hws/hw3/RWA3-Group5/main.cpp" declline="9" declcolumn="6"/>
      </memberdef>
      <memberdef kind="function" id="main_8cpp_1ae66f6b31b5ad750f1fe042a706a4e3d4" prot="public" static="no" const="no" explicit="no" inline="no" virt="non-virtual">
        <type>int</type>
        <definition>int main</definition>
        <argsstring>()</argsstring>
        <name>main</name>
        <briefdescription>
        </briefdescription>
        <detaileddescription>
        </detaileddescription>
        <inbodydescription>
        </inbodydescription>
        <location file="D:/CC/UMD/ENPM 809Y/hws/hw3/RWA3-Group5/main.cpp" line="31" column="5" bodyfile="D:/CC/UMD/ENPM 809Y/hws/hw3/RWA3-Group5/main.cpp" bodystart="31" bodyend="46"/>
      </memberdef>
      </sectiondef>
    <briefdescription>
    </briefdescription>
    <detaileddescription>
    </detaileddescription>
    <programlisting>
<codeline lineno="1"><highlight class="comment">//#include<sp/>&quot;LandBasedRobot/LandBasedRobot.h&quot;</highlight><highlight class="normal"></highlight></codeline>
<codeline lineno="2"><highlight class="normal"></highlight><highlight class="preprocessor">#include<sp/>&quot;<ref refid="_land_based_tracked_8h" kindref="compound">LandBasedWheeled/LandBasedTracked.h</ref>&quot;</highlight><highlight class="normal"></highlight></codeline>
<codeline lineno="3"><highlight class="normal"></highlight><highlight class="preprocessor">#include<sp/>&quot;<ref refid="_land_based_wheeled_8h" kindref="compound">LandBasedTracked/LandBasedWheeled.h</ref>&quot;</highlight><highlight class="normal"></highlight></codeline>
<codeline lineno="4"><highlight class="normal"></highlight><highlight class="preprocessor">#include<sp/>&lt;vector&gt;</highlight><highlight class="normal"></highlight></codeline>
<codeline lineno="5"><highlight class="normal"></highlight><highlight class="preprocessor">#include<sp/>&lt;memory&gt;</highlight><highlight class="normal"></highlight></codeline>
<codeline lineno="6"><highlight class="normal"></highlight><highlight class="preprocessor">#include<sp/>&lt;iostream&gt;</highlight><highlight class="normal"></highlight></codeline>
<codeline lineno="7"><highlight class="normal"></highlight></codeline>
<codeline lineno="8"><highlight class="normal"></highlight><highlight class="comment">//--prototype</highlight><highlight class="normal"></highlight></codeline>
<codeline lineno="9"><highlight class="normal"></highlight><highlight class="keywordtype">void</highlight><highlight class="normal"><sp/><ref refid="main_8cpp_1a54dd2f6a4474b4b3f0bce34ca3d84ed1" kindref="member">FollowActionPath</ref>(std::shared_ptr&lt;rwa3::LandBasedRobot&gt;<sp/>robot,</highlight></codeline>
<codeline lineno="10"><highlight class="normal"><sp/><sp/><sp/><sp/><sp/><sp/><sp/><sp/><sp/><sp/><sp/><sp/><sp/><sp/><sp/><sp/><sp/><sp/><sp/><sp/><sp/><sp/></highlight><highlight class="keyword">const</highlight><highlight class="normal"><sp/>std::vector&lt;std::string&gt;<sp/>&amp;vec,<sp/>std::string<sp/>obj);</highlight></codeline>
<codeline lineno="11" refid="main_8cpp_1a54dd2f6a4474b4b3f0bce34ca3d84ed1" refkind="member"><highlight class="normal"></highlight><highlight class="keywordtype">void</highlight><highlight class="normal"><sp/><ref refid="main_8cpp_1a54dd2f6a4474b4b3f0bce34ca3d84ed1" kindref="member">FollowActionPath</ref>(std::shared_ptr&lt;rwa3::LandBasedRobot&gt;<sp/>robot,</highlight></codeline>
<codeline lineno="12"><highlight class="normal"><sp/><sp/><sp/><sp/><sp/><sp/><sp/><sp/><sp/><sp/><sp/><sp/><sp/><sp/><sp/><sp/><sp/><sp/><sp/><sp/><sp/><sp/></highlight><highlight class="keyword">const</highlight><highlight class="normal"><sp/>std::vector&lt;std::string&gt;<sp/>&amp;vec,std::string<sp/>obj){</highlight></codeline>
<codeline lineno="13"><highlight class="normal"><sp/><sp/><sp/><sp/></highlight><highlight class="keywordtype">int</highlight><highlight class="normal"><sp/>x{robot-&gt;get_x()};</highlight><highlight class="comment">//--should<sp/>be<sp/>1<sp/>for<sp/>wheeled<sp/>and<sp/>2<sp/>for<sp/>tracked</highlight><highlight class="normal"></highlight></codeline>
<codeline lineno="14"><highlight class="normal"><sp/><sp/><sp/><sp/></highlight><highlight class="keywordtype">int</highlight><highlight class="normal"><sp/>y{robot-&gt;get_y()};</highlight><highlight class="comment">//--should<sp/>be<sp/>4<sp/>for<sp/>wheeled<sp/>and<sp/>3<sp/>for<sp/>tracked</highlight><highlight class="normal"></highlight></codeline>
<codeline lineno="15"><highlight class="normal"><sp/><sp/><sp/><sp/></highlight><highlight class="keywordflow">for</highlight><highlight class="normal"><sp/>(</highlight><highlight class="keyword">auto</highlight><highlight class="normal"><sp/>s:<sp/>vec){</highlight></codeline>
<codeline lineno="16"><highlight class="normal"><sp/><sp/><sp/><sp/><sp/><sp/><sp/><sp/></highlight><highlight class="keywordflow">if</highlight><highlight class="normal"><sp/>(s.compare(</highlight><highlight class="stringliteral">&quot;up&quot;</highlight><highlight class="normal">)==0)</highlight></codeline>
<codeline lineno="17"><highlight class="normal"><sp/><sp/><sp/><sp/><sp/><sp/><sp/><sp/><sp/><sp/><sp/><sp/>robot-&gt;GoUp(x,y);</highlight></codeline>
<codeline lineno="18"><highlight class="normal"><sp/><sp/><sp/><sp/><sp/><sp/><sp/><sp/></highlight><highlight class="keywordflow">else</highlight><highlight class="normal"><sp/></highlight><highlight class="keywordflow">if</highlight><highlight class="normal"><sp/>(s.compare(</highlight><highlight class="stringliteral">&quot;down&quot;</highlight><highlight class="normal">)==0)</highlight></codeline>
<codeline lineno="19"><highlight class="normal"><sp/><sp/><sp/><sp/><sp/><sp/><sp/><sp/><sp/><sp/><sp/><sp/>robot-&gt;GoDown(x,y);</highlight></codeline>
<codeline lineno="20"><highlight class="normal"><sp/><sp/><sp/><sp/><sp/><sp/><sp/><sp/></highlight><highlight class="keywordflow">else</highlight><highlight class="normal"><sp/></highlight><highlight class="keywordflow">if</highlight><highlight class="normal"><sp/>(s.compare(</highlight><highlight class="stringliteral">&quot;right&quot;</highlight><highlight class="normal">)==0)</highlight></codeline>
<codeline lineno="21"><highlight class="normal"><sp/><sp/><sp/><sp/><sp/><sp/><sp/><sp/><sp/><sp/><sp/><sp/>robot-&gt;TurnRight(x,y);</highlight></codeline>
<codeline lineno="22"><highlight class="normal"><sp/><sp/><sp/><sp/><sp/><sp/><sp/><sp/></highlight><highlight class="keywordflow">else</highlight><highlight class="normal"><sp/></highlight><highlight class="keywordflow">if</highlight><highlight class="normal"><sp/>(s.compare(</highlight><highlight class="stringliteral">&quot;left&quot;</highlight><highlight class="normal">)==0)</highlight></codeline>
<codeline lineno="23"><highlight class="normal"><sp/><sp/><sp/><sp/><sp/><sp/><sp/><sp/><sp/><sp/><sp/><sp/>robot-&gt;TurnLeft(x,y);</highlight></codeline>
<codeline lineno="24"><highlight class="normal"><sp/><sp/><sp/><sp/><sp/><sp/><sp/><sp/></highlight><highlight class="keywordflow">else</highlight><highlight class="normal"><sp/></highlight><highlight class="keywordflow">if</highlight><highlight class="normal"><sp/>(s.compare(</highlight><highlight class="stringliteral">&quot;pickup&quot;</highlight><highlight class="normal">)==0)</highlight></codeline>
<codeline lineno="25"><highlight class="normal"><sp/><sp/><sp/><sp/><sp/><sp/><sp/><sp/><sp/><sp/><sp/><sp/>robot-&gt;PickUp(obj);</highlight></codeline>
<codeline lineno="26"><highlight class="normal"><sp/><sp/><sp/><sp/><sp/><sp/><sp/><sp/></highlight><highlight class="keywordflow">else</highlight><highlight class="normal"><sp/></highlight><highlight class="keywordflow">if</highlight><highlight class="normal"><sp/>(s.compare(</highlight><highlight class="stringliteral">&quot;release&quot;</highlight><highlight class="normal">)==0)</highlight></codeline>
<codeline lineno="27"><highlight class="normal"><sp/><sp/><sp/><sp/><sp/><sp/><sp/><sp/><sp/><sp/><sp/><sp/>robot-&gt;Release(obj);</highlight></codeline>
<codeline lineno="28"><highlight class="normal"><sp/><sp/><sp/><sp/>}</highlight></codeline>
<codeline lineno="29"><highlight class="normal">}</highlight></codeline>
<codeline lineno="30"><highlight class="normal"></highlight></codeline>
<codeline lineno="31" refid="main_8cpp_1ae66f6b31b5ad750f1fe042a706a4e3d4" refkind="member"><highlight class="normal"></highlight><highlight class="keywordtype">int</highlight><highlight class="normal"><sp/><ref refid="main_8cpp_1ae66f6b31b5ad750f1fe042a706a4e3d4" kindref="member">main</ref>(){</highlight></codeline>
<codeline lineno="32"><highlight class="normal"></highlight><highlight class="comment">//--the<sp/>following<sp/>should<sp/>throw<sp/>an<sp/>error<sp/>since<sp/>LandBasedRobot<sp/>is<sp/>an<sp/>abstract<sp/>class</highlight><highlight class="normal"></highlight></codeline>
<codeline lineno="33"><highlight class="normal"></highlight><highlight class="comment">//rwa3::LandBasedRobot<sp/>base_robot(&quot;none&quot;,1,2);</highlight><highlight class="normal"></highlight></codeline>
<codeline lineno="34"><highlight class="normal"></highlight><highlight class="comment">//--pointer<sp/>to<sp/>base<sp/>class<sp/>for<sp/>dynamic<sp/>binding</highlight><highlight class="normal"></highlight></codeline>
<codeline lineno="35"><highlight class="normal"><sp/><sp/><sp/><sp/>std::shared_ptr&lt;rwa3::LandBasedRobot&gt;<sp/>wheeled<sp/>=<sp/>std::make_shared&lt;rwa3::LandBasedWheeled&gt;(</highlight><highlight class="stringliteral">&quot;Husky&quot;</highlight><highlight class="normal">,1,4);</highlight></codeline>
<codeline lineno="36"><highlight class="normal"><sp/><sp/><sp/><sp/>std::vector&lt;std::string&gt;<sp/>action_path_wheeled<sp/>{</highlight><highlight class="stringliteral">&quot;up&quot;</highlight><highlight class="normal">,</highlight><highlight class="stringliteral">&quot;right&quot;</highlight><highlight class="normal">,</highlight><highlight class="stringliteral">&quot;pickup&quot;</highlight><highlight class="normal">,</highlight><highlight class="stringliteral">&quot;left&quot;</highlight><highlight class="normal">,</highlight><highlight class="stringliteral">&quot;down&quot;</highlight><highlight class="normal">,</highlight></codeline>
<codeline lineno="37"><highlight class="normal"><sp/><sp/><sp/><sp/><sp/><sp/><sp/><sp/><sp/><sp/><sp/><sp/><sp/><sp/><sp/><sp/><sp/><sp/><sp/><sp/><sp/><sp/><sp/><sp/><sp/><sp/><sp/><sp/><sp/><sp/><sp/><sp/><sp/><sp/><sp/><sp/><sp/><sp/><sp/><sp/><sp/><sp/><sp/><sp/><sp/><sp/><sp/><sp/><sp/><sp/></highlight><highlight class="stringliteral">&quot;release&quot;</highlight><highlight class="normal">};</highlight></codeline>
<codeline lineno="38"><highlight class="normal"><sp/><sp/><sp/><sp/><ref refid="main_8cpp_1a54dd2f6a4474b4b3f0bce34ca3d84ed1" kindref="member">FollowActionPath</ref>(wheeled,action_path_wheeled,</highlight><highlight class="stringliteral">&quot;book&quot;</highlight><highlight class="normal">);</highlight></codeline>
<codeline lineno="39"><highlight class="normal"><sp/><sp/><sp/><sp/>std::cout<sp/>&lt;&lt;<sp/></highlight><highlight class="stringliteral">&quot;--------------------------------------------------------------------\n&quot;</highlight><highlight class="normal">;</highlight></codeline>
<codeline lineno="40"><highlight class="normal"></highlight><highlight class="comment">//--pointer<sp/>to<sp/>base<sp/>class<sp/>for<sp/>dynamic<sp/>binding</highlight><highlight class="normal"></highlight></codeline>
<codeline lineno="41"><highlight class="normal"><sp/><sp/><sp/><sp/>std::shared_ptr&lt;rwa3::LandBasedRobot&gt;<sp/>tracked<sp/>=<sp/>std::make_shared&lt;rwa3::LandBasedTracked&gt;(</highlight><highlight class="stringliteral">&quot;LT2-F&quot;</highlight><highlight class="normal">,2,3);</highlight></codeline>
<codeline lineno="42"><highlight class="normal"><sp/><sp/><sp/><sp/>std::vector&lt;std::string&gt;<sp/>action_path_tracked<sp/>{</highlight><highlight class="stringliteral">&quot;up&quot;</highlight><highlight class="normal">,</highlight><highlight class="stringliteral">&quot;left&quot;</highlight><highlight class="normal">,</highlight><highlight class="stringliteral">&quot;pickup&quot;</highlight><highlight class="normal">,</highlight><highlight class="stringliteral">&quot;down&quot;</highlight><highlight class="normal">,</highlight><highlight class="stringliteral">&quot;right&quot;</highlight><highlight class="normal">,</highlight></codeline>
<codeline lineno="43"><highlight class="normal"><sp/><sp/><sp/><sp/><sp/><sp/><sp/><sp/><sp/><sp/><sp/><sp/><sp/><sp/><sp/><sp/><sp/><sp/><sp/><sp/><sp/><sp/><sp/><sp/><sp/><sp/><sp/><sp/><sp/><sp/><sp/><sp/><sp/><sp/><sp/><sp/><sp/><sp/><sp/><sp/><sp/><sp/><sp/><sp/><sp/><sp/><sp/><sp/><sp/><sp/></highlight><highlight class="stringliteral">&quot;release&quot;</highlight><highlight class="normal">};</highlight></codeline>
<codeline lineno="44"><highlight class="normal"><sp/><sp/><sp/><sp/><ref refid="main_8cpp_1a54dd2f6a4474b4b3f0bce34ca3d84ed1" kindref="member">FollowActionPath</ref>(tracked,action_path_tracked,</highlight><highlight class="stringliteral">&quot;cube&quot;</highlight><highlight class="normal">);</highlight></codeline>
<codeline lineno="45"><highlight class="normal"><sp/><sp/><sp/><sp/></highlight><highlight class="keywordflow">return</highlight><highlight class="normal"><sp/>0;</highlight></codeline>
<codeline lineno="46"><highlight class="normal">}</highlight></codeline>
    </programlisting>
    <location file="D:/CC/UMD/ENPM 809Y/hws/hw3/RWA3-Group5/main.cpp"/>
  </compounddef>
</doxygen>
