<?xml version='1.0' encoding='UTF-8' standalone='no'?>
<doxygen xmlns:xsi="http://www.w3.org/2001/XMLSchema-instance" xsi:noNamespaceSchemaLocation="compound.xsd" version="1.8.18">
  <compounddef id="namespacerwa3" kind="namespace" language="C++">
    <compoundname>rwa3</compoundname>
    <innerclass refid="classrwa3_1_1_land_based_robot" prot="public">rwa3::LandBasedRobot</innerclass>
    <innerclass refid="classrwa3_1_1_land_based_tracked" prot="public">rwa3::LandBasedTracked</innerclass>
    <innerclass refid="classrwa3_1_1_land_based_wheeled" prot="public">rwa3::LandBasedWheeled</innerclass>
    <briefdescription>
    </briefdescription>
    <detaileddescription>
    </detaileddescription>
    <location file="D:/CC/UMD/ENPM 809Y/hws/hw3/RWA3-Group5/LandBasedRobot/LandBasedRobot.h" line="9" column="1"/>
  </compounddef>
</doxygen>
